lob,vintage,model_score,gross_loss,recovery,ltv,apr,ragu_score,amt_financed,month_run
STE,2026-03-01/2026-03-07,134.56043098563273,-0.11283716129167942,1.1371898514331957,5.644519355697938,1.6298616001527189,143.0506677811769,26808842.220000003,2026 M09
STE,2026-03-08/2026-03-14,134.57793750503166,-0.438268763024098,1.324052397175176,5.417109523204974,1.553381866885359,142.29792742896115,24216184.259999998,2026 M09
STE,2026-03-15/2026-03-21,134.71890615440753,-0.5781489557388682,1.5419192056803794,5.3368998385163415,1.7878057771670244,142.7420580279242,22738839.63,2026 M09
STE,2026-03-22/2026-03-28,135.0365116176407,-0.4907208859036416,1.9683270946143598,5.818572209781549,1.7912440462918542,144.12940104805202,23009188.67,2026 M09
STE,2026-03-29/2026-04-04,134.98903459452137,-0.4163346051206531,2.488802320637977,5.906341523563954,1.694380991794105,144.8051295239788,20161572.450000003,2026 M09
STE,2026-04-05/2026-04-11,135.25356358960633,-0.03955464343013659,2.4297333922218947,5.672823464806111,1.6672783578320263,144.96120312163293,18012071.24,2026 M09
STE,2026-04-12/2026-04-18,134.99108306857647,-0.26033045159047674,2.87207162237852,6.000339050413649,1.4337775364645844,145.05763548916767,17960297.72,2026 M09
STE,2026-04-19/2026-04-25,135.71533663476185,-0.0895707249661939,2.614869504083093,6.3540035274861,1.5425772177711075,146.19023863116115,17354570.6,2026 M09
STE,2026-04-26/2026-05-02,136.51895092485915,-0.33575016007199565,3.812609316566867,6.46565272720238,1.765550519477232,148.27817405507002,15804446.5,2026 M09
STE,2026-05-03/2026-05-09,136.46766629740392,-0.2773315007916324,3.7072924084898746,6.439216388517878,1.9713079303802068,148.21556004392576,17842306.869999997,2026 M09
STE,2026-05-10/2026-05-16,135.68655221823974,-0.6148758360910449,3.4443197082576082,6.355294679366496,1.5999765353325093,146.6868913361453,16822819.55,2026 M09
STE,2026-05-17/2026-05-23,136.94099943847246,-0.7512052518266898,3.567078614316504,6.355292696404416,2.0040766097298137,147.963064241569,17652040.04,2026 M09
STE,2026-05-24/2026-05-30,136.29264316738985,-0.20994641971665828,4.496487758462105,6.311442676123551,2.037796780453785,148.99088001301183,21712230.490000002,2026 M09
STE,2026-05-31/2026-06-06,136.37691696977646,-0.7395483498240765,3.9299058313306223,6.244339946715268,1.860600213168589,147.69338429192268,16518116.510000002,2026 M09
STE,2026-06-07/2026-06-13,136.48717107094092,-0.5167102066655502,4.21377551862552,6.242989180681812,1.7824600247267333,148.23591525441685,18382664.0,2026 M09
STE,2026-06-14/2026-06-20,137.1872162588645,-1.0519393643554622,3.8374104060955956,5.967034713487968,1.8017647392508465,147.7141367853364,17696771.35,2026 M09
STE,2026-06-21/2026-06-27,137.14283667609888,-0.49298771038587574,4.8724100536688475,6.104301383707485,2.1408318589303414,149.74403196017965,18280560.810000002,2026 M09
STE,2026-06-28/2026-07-04,137.8299723341297,-0.5018413682082894,4.321531094403529,6.814489133058596,2.1938126297625122,150.77242723766003,15235894.330000002,2026 M09
STE,2026-07-05/2026-07-11,137.26968700757334,-0.32716806328451753,4.065381870530694,6.030332687329206,1.8796072435169722,148.76566493727057,13288046.4,2026 M09
STE,2026-07-12/2026-07-18,137.3875426753543,-0.5005451176403994,3.9938445874952615,6.567728111418498,1.7242317275530223,149.23824932473377,14955864.38,2026 M09
STE,2026-07-19/2026-07-25,137.0004567979578,-0.1250414382457734,3.143937785230215,6.341203609470618,1.662185175931949,147.96107440936444,14445556.33,2026 M09
STE,2026-07-26/2026-08-01,137.74183987211376,-0.3838582886019992,3.453921311648024,6.0802482071563695,2.0413289382177084,148.96625129007185,14560323.08,2026 M09
STE,2026-08-02/2026-08-08,137.3346841078638,-0.2532699824754161,3.0772758946583467,5.687084399965505,1.5997176601591347,147.57757436660583,13747310.0,2026 M09
STE,2026-08-09/2026-08-15,137.9265713056258,-0.29606791696940604,3.540541558798227,6.452355819388647,1.9245236959870589,149.52012014216703,12524015.11,2026 M09
STE,2026-08-16/2026-08-22,137.33665366847427,0.13540245999385547,3.5174603306241283,6.253028723196672,1.706101780086671,148.8877131558419,11663470.45,2026 M09
STE,2026-08-23/2026-08-29,137.25573043599337,-0.06936151591241924,3.5030896078237546,6.228435857076527,1.577816392675569,148.56571140703002,10271160.04,2026 M09
STE,2026-08-30/2026-09-05,138.13247470110255,-0.2639604748292186,3.8466497998940987,6.248670152868404,1.9068267765173073,149.96539035040917,4773605.870000001,2026 M09
STE,2026-09-06/2026-09-12,139.73273982343323,1.4024828402184255,3.5523732106577546,5.741668088370131,1.8145358693712206,152.2437998320508,359639.24,2026 M09
