lob,vintage,model_score,gross_loss,recovery,ltv,apr,ragu_score,amt_financed_x,month_run
AN,2025-12-28/2026-01-03,140.4895772042951,3.3529206486260534,4.707174692256193,3.7095542627163076,0.9086550073610182,153.16788181525467,3220104.8499999996,2026 M09
AN,2026-01-04/2026-01-10,140.53183755730007,3.5436269793568727,3.671817704050045,3.568927503385867,0.6321011533333722,151.94831089742624,2980427.9299999997,2026 M09
AN,2026-01-11/2026-01-17,140.4284786949259,3.0302129757525904,3.0869015031051235,4.47270030364046,0.5327952285126192,151.5510887059367,2913291.58,2026 M09
AN,2026-01-18/2026-01-24,140.133273184999,3.6058476528015717,1.9856999739094712,2.955829501934601,0.15830178030447006,148.8389520939491,2476521.8899999997,2026 M09
AN,2026-01-25/2026-01-31,140.42300565729698,2.8174643234309826,2.5316478880017024,5.023127883856068,1.041745831555794,151.83699158414154,3187504.5799999996,2026 M09
AN,2026-02-01/2026-02-07,139.6577954059721,2.968754231187546,1.9316049171336813,4.0788916575616,-0.10402647911568141,148.53301973273926,3487655.37,2026 M09
AN,2026-02-08/2026-02-14,140.71684399524406,3.003321138413895,1.629399335396444,4.1724997532807855,0.4813424454135328,150.0034066677487,3939777.66,2026 M09
AN,2026-02-15/2026-02-21,140.26613030966888,3.10734082734416,1.0624122260819813,4.725888143834468,0.8036161057157526,149.96538761264523,5484726.75,2026 M09
AN,2026-02-22/2026-02-28,139.50565153486625,2.213558070278424,1.1606792608656822,5.254183799360381,0.2062351111874014,148.34030777655812,7653936.42,2026 M09
AN,2026-03-01/2026-03-07,141.36988648185314,2.673950895926822,2.339470140337636,4.243097825220407,0.753678785445191,151.3800841287832,5920748.52,2026 M09
AN,2026-03-08/2026-03-14,140.72276927446111,2.7227385329082097,1.2033187655931314,3.6342268281419554,0.526683751035615,148.80973715214003,4553613.71,2026 M09
AN,2026-03-15/2026-03-21,139.5328914508093,2.7889148058002604,1.0623003355728406,3.794942016602541,0.4805485147389168,147.65959712352387,3951213.0600000005,2026 M09
AN,2026-03-22/2026-03-28,140.56513704768943,2.987648667084386,1.68202644870137,3.811786114396405,0.8228442127401847,149.86944249061176,4744420.74,2026 M09
AN,2026-03-29/2026-04-04,140.87895178150382,3.3318987918154903,2.5963709001936435,3.5696735113001083,0.5417099401250158,150.91860492493805,4517768.029999999,2026 M09
AN,2026-04-05/2026-04-11,139.78267551041748,3.039430860266691,1.4978307993717874,3.110210385375991,0.8618015460191558,148.29194910145108,4391450.130000001,2026 M09
AN,2026-04-12/2026-04-18,140.660680165421,3.347684378821185,4.355255718865194,4.729294735928807,1.1294387471822989,154.22235374621852,4977656.970000001,2026 M09
AN,2026-04-19/2026-04-25,140.72287391318503,3.619021219922729,3.2032058170000486,3.5253198650586386,1.020041859223455,152.09046267438987,5492368.970000001,2026 M09
AN,2026-04-26/2026-05-02,140.94370186719527,3.394714520076832,3.7939489606649217,4.847635709479613,1.5174065639269125,154.49740762134357,5252397.91,2026 M09
AN,2026-05-03/2026-05-09,140.98491324403076,3.7288701345745494,3.321313860713132,4.202177193123147,1.74450588220908,153.98178031465065,5039020.99,2026 M09
AN,2026-05-10/2026-05-16,141.62522003935322,3.516168532225663,3.722245820587246,4.497917420544844,1.2232640130786299,154.5848158257896,5139222.75,2026 M09
AN,2026-05-17/2026-05-23,140.732121479365,2.8095754735832656,3.0231992527383516,4.875955152873778,1.2845925431560485,152.72544390171643,5859138.300000001,2026 M09
AN,2026-05-24/2026-05-30,140.7522022415655,3.7473912528963353,5.055581898487371,3.998123084433642,1.316202585342547,154.8695010627254,5861629.450000001,2026 M09
AN,2026-05-31/2026-06-06,140.81055832100702,3.606768521173734,2.7529595977694354,4.952021497377981,1.4627528400031882,153.58506077733136,4958280.53,2026 M09
AN,2026-06-07/2026-06-13,141.0553732282947,3.5190572895859873,4.302414212693994,4.010300580944601,1.8012694690834166,154.68841478060273,5247689.389999999,2026 M09
AN,2026-06-14/2026-06-20,142.18569838481423,3.531180239094226,2.3843550733664487,4.012422264265524,1.9431574219697636,154.05681338351022,5299439.470000001,2026 M09
AN,2026-06-21/2026-06-27,141.38209872817544,3.2744678063640436,2.3643402857410147,4.177202210564567,1.7028213446379339,152.90093037548297,4975160.92,2026 M09
AN,2026-06-28/2026-07-04,141.13144602664713,4.00792529873425,3.686354469813422,4.376411055406631,1.7625626930376728,154.96469954363909,5642143.42,2026 M09
AN,2026-07-05/2026-07-11,141.15729292874428,3.698406735899823,4.859230410873842,4.604625554784563,1.9586811222626612,156.2782367525652,5845718.16,2026 M09
AN,2026-07-12/2026-07-18,140.75020659414983,3.0199278412126205,2.490040036217529,4.074207750733118,1.2840725314428931,151.61845475375597,6315728.209999999,2026 M09
AN,2026-07-19/2026-07-25,140.68363807948035,3.190500139451416,2.72421168925719,4.064970697336788,1.3704018871048043,152.03372249263052,5661452.390000001,2026 M09
AN,2026-07-26/2026-08-01,140.99847061966835,3.120542635686178,4.259712555030992,3.4931697711269574,1.170671493205112,153.0425670747176,5347235.97,2026 M09
AN,2026-08-02/2026-08-08,142.71838947286352,3.3038446539736697,2.835759246873755,4.189593807448881,1.323089515183586,154.37067669634342,4259633.0,2026 M09
AN,2026-08-09/2026-08-15,142.62955590940447,3.8612243091469054,2.711717210924451,3.669814083009523,0.7435533495552317,153.61586486204058,4186633.31,2026 M09
AN,2026-08-16/2026-08-22,141.48235438067516,3.7529791761396893,4.291935438434635,4.015389799702916,1.6108637709804674,155.15352256593286,4143190.6500000004,2026 M09
AN,2026-08-23/2026-08-29,141.89296518031688,2.8010786891769897,4.503301082608006,4.792518208046485,1.470252275897821,155.46011543604618,3560597.02,2026 M09
AN,2026-08-30/2026-09-05,142.06553109614964,4.346919876363046,7.38607025700961,4.68098641891412,1.4622400870289805,159.9417477354654,1980719.5,2026 M09
AN,2026-09-06/2026-09-12,145.2189912990754,5.887286604085489,6.110100471527268,2.000332800622434,2.061944854555179,161.2786560298658,283411.26,2026 M09
FRN,2025-12-28/2026-01-03,142.69229262787684,2.785383403410492,4.235159928569817,5.897042918446536,-0.3111852046709329,155.29869367363276,7386062.42,2026 M09
FRN,2026-01-04/2026-01-10,142.81822174038277,2.819886621121441,4.392405328912775,6.159952876594267,-0.39140733742858924,155.79905922958264,9056714.51,2026 M09
FRN,2026-01-11/2026-01-17,143.0831777285783,2.744878693227605,2.5130748041342006,5.2364707218178355,-0.6270740167576055,152.95052793100032,7686121.029999999,2026 M09
FRN,2026-01-18/2026-01-24,143.25059430311157,3.0205189931353686,2.8098973225674158,4.965638953525718,-0.31127210735839794,153.73537746498167,8952649.11,2026 M09
FRN,2026-01-25/2026-01-31,142.26286313340847,2.641315667531302,3.01218703253244,4.6014788818401176,-0.5573040380134892,151.96054067729884,9840409.04,2026 M09
FRN,2026-02-01/2026-02-07,142.53317748889577,2.591436716282601,2.8569161401741217,4.948236091434208,-0.5474736171534517,152.38229281963325,10451944.96,2026 M09
FRN,2026-02-08/2026-02-14,143.06390903144327,2.755693932083375,2.5268990143777006,4.612151347306622,-0.49617640817652736,152.46247691703442,11097946.64,2026 M09
FRN,2026-02-15/2026-02-21,142.74647987665398,2.5824381698089667,2.8985184326813314,4.8446660039351785,-0.20514350045897245,152.86695898262047,14539330.64,2026 M09
FRN,2026-02-22/2026-02-28,142.77753010730302,2.5968588825497534,2.2124312515876805,5.026810955310345,-0.2805160597172168,152.3331151370336,24074629.380000003,2026 M09
FRN,2026-03-01/2026-03-07,142.47484936353095,2.698043849724286,1.7474125859807714,5.171852768017949,-0.46722054244508754,151.62493802480887,17715453.27,2026 M09
FRN,2026-03-08/2026-03-14,142.75654323643397,2.6312741446041343,2.2001338465892526,5.170240556849344,-0.2952278764766475,152.46296390800003,17624387.339999996,2026 M09
FRN,2026-03-15/2026-03-21,142.83536840251045,2.3379636207110366,2.5187762085063077,4.791643161377937,-0.25993278649054485,152.2238186066152,14797654.489999998,2026 M09
FRN,2026-03-22/2026-03-28,143.1887986406399,2.873693992762213,2.5601980170678114,4.928795812273332,-0.4785513902894922,153.0729350724538,14901850.77,2026 M09
FRN,2026-03-29/2026-04-04,142.98590025631427,2.7429584767322694,2.893427502671409,4.8982750964765405,-0.16785799356503261,153.35270333862945,16449231.9,2026 M09
FRN,2026-04-05/2026-04-11,143.5144384562333,2.8154524702310084,2.2572976991097495,5.194840385457414,-0.2492490077418563,153.53278000328962,13001173.280000001,2026 M09
FRN,2026-04-12/2026-04-18,142.96478412774817,3.2634687578106707,2.913207755670811,4.9381277709102545,-0.30092070082065436,153.77866771131926,14391890.3,2026 M09
FRN,2026-04-19/2026-04-25,142.9171437908524,2.9810650639787184,2.678182834175607,5.176828148206463,-0.35560563806460443,153.39761419914856,14289500.670000002,2026 M09
FRN,2026-04-26/2026-05-02,142.98811483622896,2.988834166327848,2.649625151931188,5.193006929341513,-0.18819608347586003,153.63138500035365,15262331.549999999,2026 M09
FRN,2026-05-03/2026-05-09,142.74049133811505,3.2526672646701797,3.7715260866519067,5.078262585133708,-0.2937808696332517,154.54916640493755,14758841.36,2026 M09
FRN,2026-05-10/2026-05-16,142.75612771982208,2.832954977442398,3.6208128190065256,5.281429902359182,-0.20061289535612148,154.29071252327404,12555862.04,2026 M09
FRN,2026-05-17/2026-05-23,142.98620201089483,2.9529122839664126,3.041988072648155,4.6144988772550635,-0.2480516796700882,153.34754956509437,12315641.7,2026 M09
FRN,2026-05-24/2026-05-30,142.860756850012,2.8781760034779893,3.1479170401519285,5.1434403691057655,-0.5200524468379725,153.5102378159097,13186194.95,2026 M09
FRN,2026-05-31/2026-06-06,143.7972755430557,2.632435959682141,2.6705048210235307,4.947570737964494,-0.557007659655846,153.49077940207002,11436559.52,2026 M09
FRN,2026-06-07/2026-06-13,144.02835925570153,2.8026289031457168,2.3894889118473444,4.697683205422031,-0.304522747226057,153.61363752889056,10211545.11,2026 M09
FRN,2026-06-14/2026-06-20,143.61530354341602,3.131741911427355,2.8596092558062582,5.007813521541644,-0.4095895910830283,154.20487864110822,11298732.65,2026 M09
FRN,2026-06-21/2026-06-27,143.0688886092419,3.137453482219456,2.199639002534359,4.866528020499005,-0.5323412168994646,152.74016789759528,10409650.74,2026 M09
FRN,2026-06-28/2026-07-04,143.77046449588713,3.1557051720728566,2.3115442842377485,5.015112504662017,-0.5194911359312704,153.7333353209285,10062414.65,2026 M09
FRN,2026-07-05/2026-07-11,143.8298365380459,3.2819962680436277,2.5288005679319334,4.624788351972422,-0.2930080874727331,153.97241363852112,10232594.620000001,2026 M09
FRN,2026-07-12/2026-07-18,143.90285798559668,2.855301183525512,2.8669402664361727,4.48744201266428,-0.535064268740445,153.57747717948217,9030073.5,2026 M09
FRN,2026-07-19/2026-07-25,143.98865201787174,3.1629571123615676,2.277570389658703,4.769479497711209,-0.3028008807296545,153.89585813687358,9682337.71,2026 M09
FRN,2026-07-26/2026-08-01,143.65618959672437,2.907420413053927,2.731684670422615,4.5558908149331865,-0.4759594292010038,153.3752260659331,9849580.73,2026 M09
FRN,2026-08-02/2026-08-08,143.21896401463871,3.1886113810479344,3.807193868429799,5.000469599296479,-0.6038262112292436,154.6114126521837,10156795.07,2026 M09
FRN,2026-08-09/2026-08-15,143.73473060504003,2.9940415576289467,2.469306019361094,4.698317430041864,-0.540994711957124,153.3554009001148,8525921.8,2026 M09
FRN,2026-08-16/2026-08-22,143.2814105810587,3.000184805331628,3.151220848332001,5.1737364232476235,-0.3557432023323509,154.2508094556376,8581624.32,2026 M09
FRN,2026-08-23/2026-08-29,144.23949658861628,2.809155400852319,3.0176234107039757,4.57726333024819,-0.5302237031280671,154.1133150272927,8385274.610000001,2026 M09
FRN,2026-08-30/2026-09-05,144.16584749796024,4.35336561223167,4.0619808682839835,5.367636408139042,-0.07149469416865006,157.87733569244628,4328155.85,2026 M09
FRN,2026-09-06/2026-09-12,142.4100044432879,4.377499170008377,4.805357803186398,5.4611157328715745,-1.0565479698276103,155.99742917952662,293521.38,2026 M09
STG,2025-12-28/2026-01-03,141.7946775073629,3.047712741084297,6.07241626601622,5.1042748048924,0.7759671560972925,156.79504847545311,4666888.14,2026 M09
STG,2026-01-04/2026-01-10,141.13621681423487,3.4343554788555366,3.3392450124611885,5.333363686815367,0.7842871798584073,154.02746817222538,4991684.960000001,2026 M09
STG,2026-01-11/2026-01-17,141.69138181119797,3.544039616447293,3.6788609974430484,4.808019847487351,0.8543217409656657,154.57662401354133,5465248.5,2026 M09
STG,2026-01-18/2026-01-24,141.07591441066697,3.3640999155654185,3.345507194723821,5.401013012834317,0.6315820057287688,153.81811653951928,6374204.13,2026 M09
STG,2026-01-25/2026-01-31,141.25999287794528,2.941758281595469,3.929073034570453,5.745320784681786,0.9080273713475513,154.78417235014052,7003451.68,2026 M09
STG,2026-02-01/2026-02-07,140.88727624701772,2.721959553357806,2.483863082394623,5.806907484393998,0.4864237472065416,152.38643011437068,6621099.46,2026 M09
STG,2026-02-08/2026-02-14,141.0551246082431,3.58003256520297,3.482809989090065,5.458286203501128,0.7264918809240585,154.30274524696134,7677039.289999999,2026 M09
STG,2026-02-15/2026-02-21,140.93491923623398,3.1977613886045617,2.562213924380293,5.013209115603306,0.5482227933457617,152.2563264581679,10003066.35,2026 M09
STG,2026-02-22/2026-02-28,140.47199551244898,2.103589155777712,2.33174170323184,5.327046052316265,0.6116532334501081,150.8460256572249,15775922.25,2026 M09
STG,2026-03-01/2026-03-07,140.5228207403881,3.1855504234179364,2.7184486503666028,4.488440155146392,0.6915480291173606,151.6068079984364,11373588.670000002,2026 M09
STG,2026-03-08/2026-03-14,140.68988221680297,3.1152110140014315,3.908152832049343,5.431110172404553,0.801674865403324,153.94603110066163,11295865.92,2026 M09
STG,2026-03-15/2026-03-21,141.18904866508908,2.733727155711591,3.532306798621779,5.599751474184949,0.8712849071479262,153.9261190007553,9850065.4,2026 M09
STG,2026-03-22/2026-03-28,140.8885284252183,3.1193767041899605,3.7363692892496934,5.412881926464099,0.663476246029292,153.82063259115137,10947304.48,2026 M09
STG,2026-03-29/2026-04-04,141.17395909185944,3.226949494482909,2.8116585168602346,5.2673947286484974,0.7007480983584474,153.18070993020953,9613964.82,2026 M09
STG,2026-04-05/2026-04-11,140.87281592171917,3.1819359286050997,2.9842075637926153,4.542003026516366,0.7803202577067375,152.36128269834,9280333.330000002,2026 M09
STG,2026-04-12/2026-04-18,141.01380097588643,2.8718100836043448,4.650906345132376,5.362456700781271,0.7890252472680516,154.6879993526725,9951292.84,2026 M09
STG,2026-04-19/2026-04-25,141.4159851121376,3.357065603564706,4.484668140572222,6.035989186874267,1.2576311803035811,156.5513392234524,10058959.149999999,2026 M09
STG,2026-04-26/2026-05-02,141.57709174441766,3.4078253451186242,4.761293021041803,5.966909334287168,1.0488575017178938,156.76197694658316,9564744.780000001,2026 M09
STG,2026-05-03/2026-05-09,140.80731775336974,3.2376650933285305,4.519118770532761,5.7996726234526115,1.0406529015525146,155.40442714223616,9457058.030000001,2026 M09
STG,2026-05-10/2026-05-16,140.82176786819517,2.6658989513811093,4.507417495412421,5.844983150609934,0.7603264991001503,154.60039396469878,8299521.22,2026 M09
STG,2026-05-17/2026-05-23,141.51973551199808,3.192909112274805,4.777965621326854,5.784167355105699,1.1051947857949354,156.37997238650036,8329698.4799999995,2026 M09
STG,2026-05-24/2026-05-30,140.83527960817082,3.4986077765049686,4.6427041594333875,5.3981902234298955,1.0852155897158815,155.45999735725496,9036785.6,2026 M09
STG,2026-05-31/2026-06-06,141.58569027713085,2.806162747296071,3.8255620711522687,5.273183205077153,1.018081729261219,154.50868002991754,8560512.350000001,2026 M09
STG,2026-06-07/2026-06-13,141.55485848038555,3.3072583416515045,4.7394043135022015,5.349170457992682,1.2265004783085431,156.17719207184047,8917287.93,2026 M09
STG,2026-06-14/2026-06-20,140.6327945848079,3.05227011608045,4.75968760163786,4.846614118299005,0.8224356367713122,154.1138020575965,8263841.34,2026 M09
STG,2026-06-21/2026-06-27,141.295392901521,3.1459838183872364,3.402534307279104,4.71981440160657,0.9804031383281937,153.54412856712213,9118608.46,2026 M09
STG,2026-06-28/2026-07-04,141.73603374765906,3.3660604011647592,4.084797168355348,5.41862906858623,1.0708619469119696,155.67638233267738,8884209.889999999,2026 M09
STG,2026-07-05/2026-07-11,140.58360731089874,2.8264580495444136,4.323285609049367,5.215883930484059,0.9877646386216705,153.93699953859826,8646568.67,2026 M09
STG,2026-07-12/2026-07-18,141.53579051467656,3.0568591286036906,4.408826478634558,5.259395676284173,0.9182958934033276,155.17916769160232,8972399.52,2026 M09
STG,2026-07-19/2026-07-25,141.48170554919184,3.026170657044048,4.15177365687797,5.159129442504884,1.0526138553504174,154.87139316096918,8790355.23,2026 M09
STG,2026-07-26/2026-08-01,141.0202741909124,2.943519556278602,3.491310614031781,5.1049077140491725,1.0721598551792113,153.6321719304512,8807050.4,2026 M09
STG,2026-08-02/2026-08-08,141.37587128177378,2.6706202785119615,3.393521581502314,4.822607576477911,0.5523024437330822,152.81492316199905,7266040.290000001,2026 M09
STG,2026-08-09/2026-08-15,141.61709246350665,3.7246129520384557,4.72920312505503,5.260306764262777,0.7890470385344529,156.12026234339737,7635242.979999999,2026 M09
STG,2026-08-16/2026-08-22,141.5502377548905,3.02909753112948,3.552500500690827,5.399744848451904,0.7524624925277574,154.2840431276905,7269068.9,2026 M09
STG,2026-08-23/2026-08-29,141.65274723272177,3.2252802925395656,4.365608630617751,4.547461657045655,0.8479644501340045,154.63906226305875,6059318.48,2026 M09
STG,2026-08-30/2026-09-05,141.3242857988552,3.9393610685886244,5.882738706518575,5.744103263492947,1.0940880665986934,157.984576904054,3495235.9299999997,2026 M09
STG,2026-09-06/2026-09-12,141.14587934658556,4.572220817044581,0.059365351937486446,5.512554257098611,-0.09914510417931677,151.1908746684869,438537.61000000004,2026 M09
FLD,2025-12-28/2026-01-03,141.15016984666659,2.6502497435965893,1.0705460464322305,-0.006801277794669658,-0.5947336648268553,144.26943069407386,2263344.39,2026 M09
FLD,2026-01-04/2026-01-10,140.62125219032237,2.7832269092844797,2.365397028878482,-0.730946656465966,-0.4853083109884323,144.55362116103092,3193308.5,2026 M09
FLD,2026-01-11/2026-01-17,141.59249195283851,2.2113631186088867,0.803054116982871,0.03610159258549128,-0.4486483735271423,144.1943624074886,3269306.32,2026 M09
FLD,2026-01-18/2026-01-24,141.53382131861724,2.2060028095348514,2.186596676119392,-0.7859534976457206,-0.4210953476681206,144.71937195895768,2892138.9000000004,2026 M09
FLD,2026-01-25/2026-01-31,140.66080470743415,2.7896948542127404,1.4796682509896981,-0.4270112086211446,-0.4884221049849274,144.01473449903054,3852715.8599999994,2026 M09
FLD,2026-02-01/2026-02-07,141.00487558325295,2.646272576596772,1.6757651533393103,-0.39195883929835884,-0.24393837876173133,144.69101609512896,4615486.77,2026 M09
FLD,2026-02-08/2026-02-14,140.80773671463572,2.6390871161711402,1.181378514986364,-0.2210827308920481,-0.522051520033921,143.88506809486725,4945680.75,2026 M09
FLD,2026-02-15/2026-02-21,140.33929451438877,2.7558401143167828,1.1252533770985433,0.3610176497204569,-0.4322887070555362,144.149116948469,5626664.880000001,2026 M09
FLD,2026-02-22/2026-02-28,140.99229629267526,1.3523181567335314,0.9362603221937247,0.520622840621906,-0.5494379537598689,143.25205965846456,9252943.509999998,2026 M09
FLD,2026-03-01/2026-03-07,140.76740790965653,1.8355694232489554,0.6772260474188876,-0.4151549437408568,-0.34952239649779365,142.51552604008572,7203684.99,2026 M09
FLD,2026-03-08/2026-03-14,141.59145380600037,2.25892792940229,1.233284691516817,-0.5525514329229594,-0.03112551145260711,144.4999894825439,6728778.390000001,2026 M09
FLD,2026-03-15/2026-03-21,141.68274484467676,2.6568583414728835,0.5185026826671374,-0.5208862685590913,-0.20395501043035946,144.13326458982735,5637510.25,2026 M09
FLD,2026-03-22/2026-03-28,141.37710839526025,1.8158355218290296,0.4120255161557846,-0.24177539595788733,-0.25139941418877904,143.11179462309843,5501427.52,2026 M09
FLD,2026-03-29/2026-04-04,141.19289017093465,2.654434146256449,0.4734486155762756,-0.7100632814422242,-0.054496071137450086,143.5562135801877,5157687.43,2026 M09
FLD,2026-04-05/2026-04-11,141.79870456047095,2.506275804436484,0.22931786329212725,-0.30156828914682454,-0.39323779847738105,143.83949214057537,4945302.2700000005,2026 M09
FLD,2026-04-12/2026-04-18,141.44515973219538,2.3363807149768263,0.38748951585599284,-0.41931288159070434,-0.2648207413351511,143.48489634010235,4075216.7299999995,2026 M09
FLD,2026-04-19/2026-04-25,141.17233093572548,2.287127694542164,0.6453761614773453,-0.6034137056223587,-0.36304140254338146,143.13837968357925,3931628.27,2026 M09
FLD,2026-04-26/2026-05-02,141.89494607442148,2.5963853976114706,0.4595170384863584,-0.46345175746701206,-0.3320521895830217,144.1553445634693,4231325.050000001,2026 M09
FLD,2026-05-03/2026-05-09,141.33563441515503,2.495180385329519,1.145472224649178,-0.11469854032564397,-0.37916285219704665,144.48242563261104,4910248.4,2026 M09
FLD,2026-05-10/2026-05-16,141.92278875954574,2.390910741501301,-0.2594121057578096,-0.4660367515805466,-0.2933671667617843,143.2948834769469,3369808.95,2026 M09
FLD,2026-05-17/2026-05-23,142.16540391650761,2.2640641425223293,0.9802230028518913,-0.004017672735354139,-0.5360435736477811,144.8696298154987,4370529.430000001,2026 M09
FLD,2026-05-24/2026-05-30,142.22508948348442,2.195561993576149,1.0374352664131605,-0.18092552994561262,-0.31040580313211746,144.96675541039602,3647371.38,2026 M09
FLD,2026-05-31/2026-06-06,142.36344024327232,2.4716608994902742,0.16396925599533527,0.053421837889909396,-0.4312695015956883,144.62122273505213,3119614.85,2026 M09
FLD,2026-06-07/2026-06-13,142.0960083156271,3.217192410313288,-0.32618019717584384,-0.5118256465387535,-0.13779383016922914,144.33740105205655,3082216.1399999997,2026 M09
FLD,2026-06-14/2026-06-20,142.91137325697923,2.538498299374112,-0.2410358773130664,-1.1085900733019884,-0.2353477894227032,143.8648978163156,3255072.1100000003,2026 M09
FLD,2026-06-21/2026-06-27,141.9435111990554,2.674799159071199,-0.28199560228252035,0.0014440716632524442,-0.5172406489694742,143.82051817853784,3754735.63,2026 M09
FLD,2026-06-28/2026-07-04,142.98549060453945,1.947116148454029,-1.6271588626303746,-0.703788686016427,-0.4189876262669878,142.1826715780797,3090961.31,2026 M09
FLD,2026-07-05/2026-07-11,141.55385274557415,2.668861608968399,0.2782576501076001,-0.23052362178196928,-0.4902532310446097,143.78019515182356,3235010.2699999996,2026 M09
FLD,2026-07-12/2026-07-18,141.26404248640358,2.0570013540245213,-0.2808235360686947,-1.6461374150905081,-0.8853060421343218,140.50877684713458,2773875.4400000004,2026 M09
FLD,2026-07-19/2026-07-25,142.37761349355932,2.403338346551351,1.3146687632668452,-1.0224332714712694,-0.2552628894823669,144.8179244424239,3684093.6399999997,2026 M09
FLD,2026-07-26/2026-08-01,143.06881391105335,3.0657041042386197,-0.06061846332027851,0.07727102129688146,-0.4613923333078026,145.6897782399608,2493803.0000000005,2026 M09
FLD,2026-08-02/2026-08-08,143.2698425565163,3.819690251582415,0.6243475346685795,-0.9869877015578843,-0.5047484757465112,146.2221441654629,2005785.1400000001,2026 M09
FLD,2026-08-09/2026-08-15,142.5891448688338,1.9865925456816171,-0.5937654560027277,-0.2610230392201357,-1.1226735613271266,142.59827535796543,2182549.8299999996,2026 M09
FLD,2026-08-16/2026-08-22,142.86401534784355,3.2010436249580323,0.8868803983824112,-0.7463570122698812,-0.7861597267721294,145.419422632142,1837386.4699999997,2026 M09
FLD,2026-08-23/2026-08-29,143.31628167715544,3.242032191787473,-1.9780007839688667,-1.1634772215465718,-0.6298888447891088,142.78694701863836,2168667.7399999998,2026 M09
FLD,2026-08-30/2026-09-05,143.87103013151213,4.169147449427385,0.5750388345780917,0.06793565271780233,-1.1047690540618682,147.57838301417354,1358591.2900000003,2026 M09
FLD,2026-09-06/2026-09-12,140.86110591135966,5.729527851478878,-3.6458847662993024,-2.3475328583979467,-2.0064446870298362,138.59077145111144,95677.65,2026 M09
ENT,2025-12-28/2026-01-03,139.62567265059414,1.6243910768021692,3.063259535876544,1.0676714869831816,-0.04339198005284761,145.3376027702032,5709026.4,2026 M09
ENT,2026-01-04/2026-01-10,139.45864363399804,1.4412769156037655,3.0802492273038804,1.5632842614083233,-0.09314116841778158,145.4503128698962,6654662.67,2026 M09
ENT,2026-01-11/2026-01-17,139.68526586509276,1.306969135167094,2.9307206277107545,1.1408668944185176,-0.2086219303303058,144.85520059205882,6789123.37,2026 M09
ENT,2026-01-18/2026-01-24,139.23023614448394,1.6219115035097218,3.222176428262914,1.2990185553808609,-0.2770825958029499,145.0962600358345,5641593.5600000005,2026 M09
ENT,2026-01-25/2026-01-31,139.36669047752503,1.0963988200341532,3.187116158026822,1.0810140109888626,-0.2668780107402996,144.46434145583456,5981023.18,2026 M09
ENT,2026-02-01/2026-02-07,139.98681139808946,1.4553539516698208,2.8038515833662516,1.0152904927889526,-0.023053499214047424,145.23825392670042,5667100.45,2026 M09
ENT,2026-02-08/2026-02-14,139.22247153017264,1.4627809946019283,3.22824809793674,1.6242717114219223,-0.24589056044680616,145.2918817736864,6673091.48,2026 M09
ENT,2026-02-15/2026-02-21,140.20384771438356,0.9451732659460106,2.866743356961322,1.6616004117388825,-0.1135992290177376,145.56376552001203,8608999.559999999,2026 M09
ENT,2026-02-22/2026-02-28,139.82880314198485,0.30125894384846674,2.945378318861714,2.0138938215069597,-0.18691305862855973,144.90242116757344,16421084.65,2026 M09
ENT,2026-03-01/2026-03-07,140.28535357861514,0.7562771010311735,2.967525239377501,1.4795465152616616,-0.12893496842399488,145.35976746586147,9206955.71,2026 M09
ENT,2026-03-08/2026-03-14,140.49080929608203,0.46238886753243946,2.584746416462817,1.6217612673341348,-0.18341723200656024,144.97628861540488,7781252.61,2026 M09
ENT,2026-03-15/2026-03-21,140.24914710177896,0.6943368894663138,2.4880382574606728,1.821097211858507,-0.25140431780566685,145.00121514275875,7305405.67,2026 M09
ENT,2026-03-22/2026-03-28,140.06684645217072,0.8793899685267945,2.9408584893033263,1.6415597542887694,-0.12810270548676728,145.40055195880285,7395275.5,2026 M09
ENT,2026-03-29/2026-04-04,140.64005130853639,0.5144794930992873,1.8316278909876829,1.6332963977834039,-0.1518556606832372,144.46759942972352,6783978.35,2026 M09
ENT,2026-04-05/2026-04-11,140.6370587577231,0.7116787460532805,1.935766309571173,2.161420618947571,-0.055412440307015524,145.39051199198812,5165787.300000001,2026 M09
ENT,2026-04-12/2026-04-18,140.63340872876196,0.550760527806716,1.9474916288625246,2.1064161616891113,-0.06352997841421654,145.17454706870612,4941117.43,2026 M09
ENT,2026-04-19/2026-04-25,141.19162430442302,0.3768743506830958,1.9347873480319424,1.748780566289281,-0.006431466388679141,145.24563510303864,4574279.67,2026 M09
ENT,2026-04-26/2026-05-02,140.57679096975278,0.1288160574552819,1.8272549921633894,2.455168200530067,-0.16873681832726445,144.81929340157427,4882686.84,2026 M09
ENT,2026-05-03/2026-05-09,141.17797738142391,0.397926060216264,1.2787541700058178,1.9378531586008252,-0.005814557020915323,144.7866962132259,4753382.33,2026 M09
ENT,2026-05-10/2026-05-16,144.05811904452042,0.5762230360601848,0.5817038121893392,2.080713403710117,-0.04362244837324725,147.25313684810683,3664297.6799999997,2026 M09
ENT,2026-05-17/2026-05-23,144.0514308267838,0.6877201850959125,0.7896251245041348,1.3551742698022837,-0.1178464591067324,146.7661039470794,3422584.1,2026 M09
ENT,2026-05-24/2026-05-30,144.5245852343698,1.0923979902446774,0.5282473514342773,1.916994185067549,0.1619487111453996,148.22417347226173,3709767.9699999997,2026 M09
ENT,2026-05-31/2026-06-06,143.67618373871798,0.1872266365834605,0.24574989787129375,1.3077940103676793,-0.22339581538812822,145.19355846815228,3243960.59,2026 M09
ENT,2026-06-07/2026-06-13,143.41470914737369,0.3037864055364423,0.3925103256572429,1.3189298793073363,-0.35619662450507766,145.07373913336963,3727649.51,2026 M09
ENT,2026-06-14/2026-06-20,144.37062867536082,0.11675959960894033,0.327759039238939,1.1263841403169719,-0.14629724500773572,145.79523420951793,4023499.5,2026 M09
ENT,2026-06-21/2026-06-27,144.17676605074865,0.12739799152387832,0.2516285636898055,1.3224896170082523,-0.46610189756412174,145.41218032540644,3853838.15,2026 M09
ENT,2026-06-28/2026-07-04,144.95709455091463,0.8259826540930533,0.46837168540031754,1.3965767411998504,-0.19486022523449553,147.4531654063734,3792944.8,2026 M09
ENT,2026-07-05/2026-07-11,145.3182792685078,0.2807677954435519,-1.3484054742105964,1.304028596555303,-0.4399671663029999,145.11470301999307,3260649.5700000003,2026 M09
ENT,2026-07-12/2026-07-18,144.93361719713513,0.8947462979459146,-0.6673984217465058,1.342614691306343,-0.46041752022750954,146.0431622444134,3267858.25,2026 M09
ENT,2026-07-19/2026-07-25,145.10982185787293,0.26276830234269255,-0.10632707158990388,1.5369366865183587,-0.3841392779367775,146.41906049720728,3406842.11,2026 M09
ENT,2026-07-26/2026-08-01,145.38399446757225,0.38936265536881365,-0.8908839115666247,1.4337817958715888,-0.2891700923850063,146.02708491486104,3046532.3299999996,2026 M09
ENT,2026-08-02/2026-08-08,145.24355558187366,0.13973317173798705,-1.5631523101502076,1.8601558492765407,-0.4588679217636709,145.2214243709743,2788790.5699999994,2026 M09
ENT,2026-08-09/2026-08-15,145.92213140002468,0.290443704976866,-1.8459143767167423,1.5322887154357632,-0.33649160946344514,145.56245783425712,3694118.9400000004,2026 M09
ENT,2026-08-16/2026-08-22,145.861031973358,0.40586121908901873,-1.4786970517092477,1.827579755148932,-0.35953115016468334,146.25624474572197,3061619.9299999997,2026 M09
ENT,2026-08-23/2026-08-29,145.7806482857944,0.5082677490576089,-1.1963819628297292,1.7799732407120812,-0.27609329223093254,146.59641402050343,2827948.13,2026 M09
ENT,2026-08-30/2026-09-05,145.09164593704304,2.3278157247184197,-0.7148882363583126,1.3443744130696558,-0.455277105285505,147.59367073318728,1514869.12,2026 M09
KMX,2025-12-28/2026-01-03,142.1519998660871,1.0223744389200249,1.6379725142864812,0.6155547953664418,0.8749182988194121,146.30281991347945,22143632.33,2026 M09
KMX,2026-01-04/2026-01-10,141.77471882444215,0.6473417476704242,0.7919105331959523,0.5451467232194608,0.09684963395052938,143.85596746247853,32529838.64,2026 M09
KMX,2026-01-11/2026-01-17,141.4968101710634,0.5879757480222167,1.0173085204327221,0.5443367734303717,0.10448912062274204,143.75092033357143,33342496.18,2026 M09
KMX,2026-01-18/2026-01-24,141.89914766854693,0.7831201437648474,0.9359890448766414,0.024190719627445498,0.17399487943532538,143.81644245625122,31862679.73,2026 M09
KMX,2026-01-25/2026-01-31,141.60097662897903,0.7429211993786851,0.8123793626332448,0.650090814588793,0.37182720181436796,144.1781952073941,28073454.880000003,2026 M09
KMX,2026-02-01/2026-02-07,142.16146861724098,0.7321644891120798,1.026164384052014,0.39562903846583963,0.41151061466593564,144.72693714353684,35420986.65,2026 M09
KMX,2026-02-08/2026-02-14,142.3805430090218,0.7882406630774597,0.5266347712304823,0.6009579466468679,0.6902057388080541,144.98658212878468,35777213.39,2026 M09
KMX,2026-02-15/2026-02-21,142.07171350093049,0.054964429957067296,0.6746914405279805,0.8282240699675175,0.6590456545695711,144.28863909595265,47769758.839999996,2026 M09
KMX,2026-02-22/2026-02-28,142.0619980473032,-0.2999837518019035,0.37683254493427304,0.5120154874012667,0.17825128855340658,142.82911361639026,77720589.05000001,2026 M09
KMX,2026-03-01/2026-03-07,142.38665363359402,0.09372988251718084,0.41595748846290825,0.3463334780589511,0.5372196894151257,143.7798941720482,61218559.29,2026 M09
KMX,2026-03-08/2026-03-14,142.47979714902795,0.12590939590396033,0.9671152918938951,0.246907621594455,0.8121434156090982,144.63187287402934,59243462.769999996,2026 M09
KMX,2026-03-15/2026-03-21,142.59662935751336,0.3656228867941991,1.1329976953468428,0.5394062849647816,0.8407034611190458,145.47535968573823,46717376.0,2026 M09
KMX,2026-03-22/2026-03-28,142.68161130978638,0.19794470400580622,1.2003329793547153,0.546198641345544,0.5574540924579067,145.18354172695032,44763846.620000005,2026 M09
KMX,2026-03-29/2026-04-04,143.05406661867323,0.33450326632882366,1.0562425402573414,0.5239129397117387,0.7019725043451168,145.67069786931629,42042106.83,2026 M09
KMX,2026-04-05/2026-04-11,142.94131519342886,0.5055657955017239,1.016531987155657,0.19509272842708372,0.6095057440862169,145.26801144859954,33985215.95999999,2026 M09
KMX,2026-04-12/2026-04-18,142.7319357966621,0.5026373290516517,1.3234985901215544,0.604466417100661,0.6029309637075699,145.76546909664356,36228403.68000001,2026 M09
KMX,2026-04-19/2026-04-25,142.77686736301035,0.42228892098137294,1.4822460342653274,0.6727335658315657,0.6554740083863453,146.00960989247497,36891940.06,2026 M09
KMX,2026-04-26/2026-05-02,142.878689479403,0.43649416447001954,0.9910391464291219,0.6211142981778599,0.7155591098539176,145.64289619833391,37575020.150000006,2026 M09
KMX,2026-05-03/2026-05-09,142.95898846836016,0.3774593487972595,1.391070917582264,1.1338367560951352,0.7056506604870086,146.5670061513218,37552927.95,2026 M09
KMX,2026-05-10/2026-05-16,143.4130698984313,0.32062363333241706,1.0561650747881022,1.548008615000175,0.8952675131190118,147.23313473467104,34155455.84,2026 M09
KMX,2026-05-17/2026-05-23,142.97828308418508,0.36492338183415995,1.1896236850632347,1.394051150415129,0.614293151790566,146.54117445328816,37830271.92,2026 M09
KMX,2026-05-24/2026-05-30,142.60687939139638,0.22938567148378297,0.6242870560606804,1.3576382646163152,0.5913150929834533,145.40950547654063,37542139.37,2026 M09
KMX,2026-05-31/2026-06-06,143.29396671560892,0.2688778711153361,0.5700579616785264,1.345906902796541,0.8632854098310865,146.34209486103043,35548297.239999995,2026 M09
KMX,2026-06-07/2026-06-13,142.98318344577507,0.2928249827139666,0.6217410911026643,1.3782933721962594,0.7530951216652174,146.02913801345315,38274707.21,2026 M09
KMX,2026-06-14/2026-06-20,142.78622423850834,0.17465669486244906,0.5005759279608974,1.3732959177717985,0.6789730689187722,145.51372584802223,40258177.94,2026 M09
KMX,2026-06-21/2026-06-27,142.72940505602347,0.03267811368743878,0.52405004192986,2.1322544786122024,0.6441477912760263,146.06253548152898,38057732.900000006,2026 M09
KMX,2026-06-28/2026-07-04,142.596310826975,0.19519256327089352,0.45199065781074027,1.7124389866484393,0.7013271341616248,145.6572601688667,38605527.08,2026 M09
KMX,2026-07-05/2026-07-11,143.01324958254625,0.3562876470060701,0.9515606674358483,1.5064158182413152,0.9240102549760995,146.75152397020562,36904430.46,2026 M09
KMX,2026-07-12/2026-07-18,143.67644352546898,0.05353055945079177,0.6927796826759329,1.2760715670923466,1.0360884219510378,146.7349137566391,36386863.519999996,2026 M09
KMX,2026-07-19/2026-07-25,143.668377942556,0.33698615215968175,0.7524024338114873,1.723943816631462,1.0052932443882308,147.48700358954687,36238429.129999995,2026 M09
KMX,2026-07-26/2026-08-01,143.85306317998857,0.4029388411810544,1.1233405976267758,1.076101312190069,0.9888004488496966,147.44424437983616,36425109.32,2026 M09
KMX,2026-08-02/2026-08-08,144.40280157767577,0.3164321525083551,0.6069229668448618,0.45131273233780933,1.053204748714251,146.83067417808104,36026638.83,2026 M09
KMX,2026-08-09/2026-08-15,143.595500117331,0.5370070192817877,1.0942749140474555,1.5399395022886198,1.157714145039431,147.9244356979883,38294540.629999995,2026 M09
KMX,2026-08-16/2026-08-22,143.86898993962905,0.5407160933939963,0.868256951633286,1.1745478390244106,1.142749884619641,147.59526070830037,36839115.379999995,2026 M09
KMX,2026-08-23/2026-08-29,144.04013853701747,0.5629102186185548,0.7462324720155439,1.0227217677837488,0.9434992441162398,147.31550223955156,36159895.93,2026 M09
KMX,2026-08-30/2026-09-05,144.02056481575391,3.465932159453672,0.6683189508979481,0.6187327913898644,0.9549382698096058,149.72848698730502,30486998.02,2026 M09
KMX,2026-09-06/2026-09-12,144.65328336099137,3.7580598602233692,0.18650500808946105,0.05137214888641939,1.2484431362447146,149.89766351443532,4110336.3099999996,2026 M09
Franchise Independent,2025-12-28/2026-01-03,141.84990769751047,2.9419683998245354,4.402331970606308,4.522408680377359,0.16552974940101411,153.88214649771965,17536399.8,2026 M09
Franchise Independent,2026-01-04/2026-01-10,141.71912698506975,3.0724427897245925,3.7061490947568405,4.4858861293752375,0.034825341332517114,153.01843034025893,20222135.9,2026 M09
Franchise Independent,2026-01-11/2026-01-17,142.03766384774195,2.9235615824089796,2.6399217280176597,4.120906822933177,-0.003375783289877459,151.71867819781187,19333967.43,2026 M09
Franchise Independent,2026-01-18/2026-01-24,141.96784706467832,3.082558536203434,2.789133008048444,4.055462080782739,0.01997023424452777,151.9149709239575,20695514.03,2026 M09
Franchise Independent,2026-01-25/2026-01-31,141.46482601044735,2.776856691771978,2.9697021104071375,4.182015648774141,0.09688646296174022,151.49028692436235,23884081.159999996,2026 M09
Franchise Independent,2026-02-01/2026-02-07,141.421814783289,2.6880856795849772,2.4140859767610823,4.074623875122877,-0.1584913172791328,150.4401189974788,25176186.560000002,2026 M09
Franchise Independent,2026-02-08/2026-02-14,141.76867534344566,2.998906804688201,2.4237951787337995,3.920190238576515,-0.022224897061793154,151.0893426683824,27660444.34,2026 M09
Franchise Independent,2026-02-15/2026-02-21,141.47677957292024,2.8631864899722865,2.2418649253017047,4.166098484378258,0.12555554496749644,150.87348501754,35653788.620000005,2026 M09
Franchise Independent,2026-02-22/2026-02-28,141.40443497989224,2.2051707929810034,1.8957124099743614,4.406298006370177,-0.010735761309174993,149.90088042790862,56757431.56,2026 M09
Franchise Independent,2026-03-01/2026-03-07,141.50256153569654,2.6788333215922,1.9094533061895835,3.904039079962245,0.0363119226284902,150.0311991660691,42213475.45,2026 M09
Franchise Independent,2026-03-08/2026-03-14,141.7505055740894,2.7152871314690903,2.4053126067058415,4.111726529624106,0.15027068415653852,151.13310252604498,40202645.36,2026 M09
Franchise Independent,2026-03-15/2026-03-21,141.79077758279294,2.556382138309952,2.3129117629293914,4.0343303233604235,0.16020264797512557,150.85460445536782,34236443.199999996,2026 M09
Franchise Independent,2026-03-22/2026-03-28,141.8701564227138,2.801952225628324,2.4740773527937248,4.140718630842829,0.07349600531022331,151.36040063728888,36095003.51,2026 M09
Franchise Independent,2026-03-29/2026-04-04,141.97337106331884,2.9348288215855325,2.484636158555137,4.020243468283699,0.1718609481937123,151.58494045993692,35738652.18,2026 M09
Franchise Independent,2026-04-05/2026-04-11,141.95243558821733,2.9057707422014625,2.047982934057292,3.8540170571372476,0.18473443740665083,150.94494075902,31618259.010000005,2026 M09
Franchise Independent,2026-04-12/2026-04-18,141.85457393869888,3.0461856688354607,3.337734473547133,4.379690299177727,0.24145845582013453,152.85964283607933,33396056.840000004,2026 M09
Franchise Independent,2026-04-19/2026-04-25,141.91005718470416,3.116020032633124,3.064969665719674,4.4912342840809405,0.3477430161055646,152.93002418324346,33772457.06,2026 M09
Franchise Independent,2026-04-26/2026-05-02,142.1469890355917,3.119370632942324,3.1433749111166556,4.658301711134209,0.40001241280905236,153.46804870359395,34310799.29000001,2026 M09
Franchise Independent,2026-05-03/2026-05-09,141.74454349673377,3.209883080148112,3.5346421921650215,4.4024009996164315,0.3639515928900978,153.25542136155343,34165168.78,2026 M09
Franchise Independent,2026-05-10/2026-05-16,141.9158439874323,2.8545830939541994,3.443866144889047,4.644015956780448,0.3095417711994348,153.16785095425539,29364414.959999997,2026 M09
Franchise Independent,2026-05-17/2026-05-23,142.04662280001426,2.8929492206392924,3.2149136425612213,4.325900788135874,0.3671200637613059,152.84750651511192,30875007.91,2026 M09
Franchise Independent,2026-05-24/2026-05-30,141.8213674741358,3.1369679054083606,3.683414152856678,4.392423745790272,0.3003995919932682,153.33457287018436,31731981.38,2026 M09
Franchise Independent,2026-05-31/2026-06-06,142.43612351085213,2.839618684534633,2.75874322130568,4.503816634315153,0.29394136333890264,152.8322434143465,28074967.250000004,2026 M09
Franchise Independent,2026-06-07/2026-06-13,142.44000700908725,3.1499607353004024,3.2133807609361273,4.193126037906456,0.6138374642437169,153.61031200747394,27458738.57,2026 M09
Franchise Independent,2026-06-14/2026-06-20,142.38777835806513,3.114990751242536,2.9695261142694074,4.064740076092757,0.4161244028137746,152.9531597024836,28117085.57,2026 M09
Franchise Independent,2026-06-21/2026-06-27,142.05009039131664,3.1028549198207847,2.287056767533988,4.051385124176139,0.35133695950962757,151.84272416235717,28258155.75,2026 M09
Franchise Independent,2026-06-28/2026-07-04,142.4918987249682,3.2619737791952974,2.721102047744687,4.3758135622931915,0.46734503489383317,153.31813314909522,27679729.27,2026 M09
Franchise Independent,2026-07-05/2026-07-11,142.00384550433043,3.1572418087619383,3.310586311434221,4.241600114836694,0.5510202085603804,153.26429394792365,27959891.720000003,2026 M09
Franchise Independent,2026-07-12/2026-07-18,142.11379949209544,2.878695896033357,2.9674314552198475,4.018766831610687,0.3344805380915824,152.3131742130509,27092076.669999998,2026 M09
Franchise Independent,2026-07-19/2026-07-25,142.31049597448097,3.0247393529828934,2.8331818071931116,3.982178381290127,0.47231896986540456,152.62291448581252,27818238.970000003,2026 M09
Franchise Independent,2026-07-26/2026-08-01,142.18847981538622,2.9773235451247544,3.029723542391852,4.102409579698847,0.37225160380572464,152.67018808640742,26497670.1,2026 M09
Franchise Independent,2026-08-02/2026-08-08,142.56791565984696,3.1038822916640596,3.236116716027833,4.293117375707941,0.10568831052994579,153.3067203537767,23688253.5,2026 M09
Franchise Independent,2026-08-09/2026-08-15,142.7007500830807,3.3051711797301064,2.9834766923745955,4.217230809019685,0.0920883020296474,153.29871706623473,22530347.919999998,2026 M09
Franchise Independent,2026-08-16/2026-08-22,142.32843059365453,3.169583764456868,3.310747019037883,4.530902568582675,0.3502537202862575,153.68991766601823,21831270.34,2026 M09
Franchise Independent,2026-08-23/2026-08-29,142.94915651067237,2.9792488598265905,3.1476888762392137,3.989180432106373,0.22608326063673764,153.29135793948126,20173857.849999998,2026 M09
Franchise Independent,2026-08-30/2026-09-05,142.86754160683972,4.200169024615615,4.797531937642171,4.718658458172286,0.4398588559634073,157.02375988323317,11162702.57,2026 M09
Franchise Independent,2026-09-06/2026-09-12,142.49418507653215,4.9558582270755585,2.5373316910308117,3.926324306071192,0.034926225032691556,153.94862552574236,1111147.9,2026 M09
nonKMX,2025-12-28/2026-01-03,141.3036403805167,2.618374258918828,4.0734586767544405,3.673932697512856,0.1142190244986781,151.78362503820148,23245426.200000003,2026 M09
nonKMX,2026-01-04/2026-01-10,141.15943405388396,2.668568101196546,3.551177048058305,3.7622534578955067,0.0031409890006127345,151.1445736500349,26876798.57,2026 M09
nonKMX,2026-01-11/2026-01-17,141.42629973919074,2.5034257857927775,2.715497379497487,3.346425009999617,-0.056717151818697506,149.93493076266188,26123090.8,2026 M09
nonKMX,2026-01-18/2026-01-24,141.38143156387298,2.7696776754286248,2.881893952367551,3.465012503574214,-0.043660569831009084,150.45435512541238,26337107.590000004,2026 M09
nonKMX,2026-01-25/2026-01-31,141.04463671144725,2.440314841140781,3.013243175714226,3.5609844122627563,0.02403609805079678,150.08321523861576,29865104.339999996,2026 M09
nonKMX,2026-02-01/2026-02-07,141.1581493598411,2.4615853546445043,2.4857009393255627,3.5125064334214327,-0.1336061706520949,149.48433591658053,30843287.01,2026 M09
nonKMX,2026-02-08/2026-02-14,141.27379328230947,2.7003442532156097,2.580149244605081,3.4739538112346873,-0.06569672124349138,149.96254387012132,34333535.82,2026 M09
nonKMX,2026-02-15/2026-02-21,141.22919756869837,2.490137803238689,2.363402188642062,3.678979988415195,0.07904055057450701,149.8407580995688,44262788.18000001,2026 M09
nonKMX,2026-02-22/2026-02-28,141.05086695026364,1.7779375111387694,2.131254938530071,3.8694482084880404,-0.05026952698963432,148.77923808143092,73178516.21000001,2026 M09
nonKMX,2026-03-01/2026-03-07,141.28461743258632,2.334594862805026,2.098903709601083,3.4699276740705916,0.006724057011390123,149.1947677360744,51420431.160000004,2026 M09
nonKMX,2026-03-08/2026-03-14,141.5462284026687,2.3499485233534743,2.434410280291398,3.707944229400881,0.09615857408592823,150.13469000980038,47983897.97,2026 M09
nonKMX,2026-03-15/2026-03-21,141.51967178554523,2.2289293096872362,2.343708901740417,3.64511881348287,0.08781887249521401,149.82524768295096,41541848.87,2026 M09
nonKMX,2026-03-22/2026-03-28,141.56351378100996,2.4750314083602065,2.553450839956175,3.7157508258274126,0.039215286935301796,150.34696214208907,43490279.01,2026 M09
nonKMX,2026-03-29/2026-04-04,141.76065580470637,2.548690964185022,2.3804564807145754,3.6394345426118577,0.12021582561345967,150.44945361783127,42522630.53,2026 M09
nonKMX,2026-04-05/2026-04-11,141.76770993654713,2.597642254290859,2.032223732126816,3.616316367258319,0.15100928165371622,150.16490157187687,36784046.31,2026 M09
nonKMX,2026-04-12/2026-04-18,141.69718308194888,2.7245607996482164,3.1585519103403454,4.086697540118199,0.20214977704974793,151.86914310910538,38337174.27,2026 M09
nonKMX,2026-04-19/2026-04-25,141.82435724779248,2.7892746698051587,2.93015323960256,4.164094314504439,0.30549448929314527,152.0133739609978,38346736.730000004,2026 M09
nonKMX,2026-04-26/2026-05-02,141.95137526939507,2.746810217632506,2.9794139563085005,4.383837455433414,0.3291581801205295,152.39059507889002,39193486.13000001,2026 M09
nonKMX,2026-05-03/2026-05-09,141.67534499667454,2.866440006599851,3.2591155356694532,4.101389327167168,0.3187895857472492,152.22107945185826,38918551.11,2026 M09
nonKMX,2026-05-10/2026-05-16,142.1535139689169,2.60181546218659,3.126329857301698,4.359636008317713,0.2703607457521412,152.51165604247504,33028712.639999997,2026 M09
nonKMX,2026-05-17/2026-05-23,142.24668419423617,2.6728876538765736,2.972892164278008,4.029449616166356,0.31872486710387055,152.24063849566093,34297592.01,2026 M09
nonKMX,2026-05-24/2026-05-30,142.10431938386853,2.922958153553382,3.3531557159964165,4.133314941490792,0.2859076255241325,152.79965582043323,35441749.35,2026 M09
nonKMX,2026-05-31/2026-06-06,142.56456681290175,2.564888485699609,2.4984517022025705,4.172778116975091,0.24035646962523985,152.04104158740424,31318927.840000004,2026 M09
nonKMX,2026-06-07/2026-06-13,142.55651129739596,2.80976294392734,2.8762074958287043,3.8495788507566617,0.49789113899655996,152.5899517269052,31186388.08,2026 M09
nonKMX,2026-06-14/2026-06-20,142.6360002632619,2.739659016826097,2.6388181174376135,3.696903783982101,0.345717992542444,152.05709917405014,32140585.07,2026 M09
nonKMX,2026-06-21/2026-06-27,142.30531788714012,2.7457631285211974,2.0427800998194776,3.723883766096746,0.2532341427710129,151.07097902434853,32111993.9,2026 M09
nonKMX,2026-06-28/2026-07-04,142.78899301280052,2.968399110253838,2.4496131397906957,4.016769371024238,0.3875390421666193,152.6113136760359,31472674.07,2026 M09
nonKMX,2026-07-05/2026-07-11,142.3500024440059,2.8568250521297607,2.824004755355879,3.9348023812882227,0.44752224138199936,152.41315687416176,31220541.290000003,2026 M09
nonKMX,2026-07-12/2026-07-18,142.41731676165455,2.66514912530483,2.5761885611856408,3.7307133205279728,0.24891994039491827,151.63828770906787,30359934.919999998,2026 M09
nonKMX,2026-07-19/2026-07-25,142.61591908210139,2.7233918798469814,2.512463900799228,3.7153879651649295,0.3788742797909829,151.9460371077035,31225081.080000002,2026 M09
nonKMX,2026-07-26/2026-08-01,142.51799416670235,2.71045878415862,2.625439236866144,3.827226628342188,0.30404727214428273,151.98516608821362,29544202.43,2026 M09
nonKMX,2026-08-02/2026-08-08,142.84973712615323,2.791672549070855,2.730616322263583,4.036856890430714,0.04622438046688088,152.45510726838526,26477044.07,2026 M09
nonKMX,2026-08-09/2026-08-15,143.15453111891316,2.8805005115758893,2.3031827854578864,3.8390154769917064,0.031716238917659435,152.2089461318563,26224466.86,2026 M09
nonKMX,2026-08-16/2026-08-22,142.76291139004,2.8296687150547504,2.72168495105088,4.19841618740873,0.2629560428444379,152.7756372863988,24892890.27,2026 M09
nonKMX,2026-08-23/2026-08-29,143.297273170622,2.675455043917512,2.6136087689374587,3.717570309356958,0.16434335878525813,152.46825065161917,23001805.979999997,2026 M09
nonKMX,2026-08-30/2026-09-05,143.1333044084132,3.9764376772329237,4.138841511569072,4.315458316455347,0.3328972185887111,155.89693913225923,12677571.690000001,2026 M09
nonKMX,2026-09-06/2026-09-12,142.49418507653215,4.9558582270755585,2.5373316910308117,3.926324306071192,0.034926225032691556,153.94862552574236,1111147.9,2026 M09
POS,2025-12-28/2026-01-03,141.7175233985952,1.8397453479569317,2.8852756239852884,2.1818639482444646,0.4853358881173107,149.1097442068992,45389058.53,2026 M09
POS,2026-01-04/2026-01-10,141.49635119385192,1.5617865996162388,2.0402601083241985,2.0006327387033274,0.05445389345972443,147.1534845339554,59406637.21,2026 M09
POS,2026-01-11/2026-01-17,141.46583510619476,1.4294283898059905,1.763318843610352,1.7752874652671358,0.03367158889748364,146.4675413937757,59465586.980000004,2026 M09
POS,2026-01-18/2026-01-24,141.66486597478567,1.6820955843017964,1.81656798284959,1.5812633086312258,0.07549941667085358,146.82029226723915,58199787.32000001,2026 M09
POS,2026-01-25/2026-01-31,141.31420474667345,1.6178624975354183,1.946840217384782,2.1505447814724192,0.19255423158080096,147.22200647464683,57938559.22,2026 M09
POS,2026-02-01/2026-02-07,141.69446487435798,1.5371385900943135,1.705518467171814,1.8464069427232828,0.1577812287558061,146.9413101031032,66264273.66,2026 M09
POS,2026-02-08/2026-02-14,141.8385629016343,1.7246060256400824,1.5322496522998041,2.007876394088998,0.3200370488277141,147.42333202249088,70110749.21000001,2026 M09
POS,2026-02-15/2026-02-21,141.66650789210863,1.2261540437761513,1.4868720066576926,2.199286910852597,0.38009387182826154,146.9589147252233,92032547.02000001,2026 M09
POS,2026-02-22/2026-02-28,141.57165005453243,0.7077040973818862,1.2276396279035675,2.1402023767847673,0.06743012645489489,145.71462628305756,150899105.26000002,2026 M09
POS,2026-03-01/2026-03-07,141.8835669459084,1.1166993089778556,1.1842333755628682,1.7722745281883836,0.2950449856316637,146.25181914426915,112638990.45,2026 M09
POS,2026-03-08/2026-03-14,142.0620281471227,1.1211597297398401,1.6237250650830037,1.7957103368091578,0.49174250909962397,147.09436578785431,107227360.74,2026 M09
POS,2026-03-15/2026-03-21,142.08972700526633,1.2426438886479494,1.7028552035597089,2.0012029490913648,0.48633576931990363,147.52276481588527,88259224.87,2026 M09
POS,2026-03-22/2026-03-28,142.13063000279638,1.3200580941210311,1.8671286999047798,2.1081053267936207,0.30207396053662,147.7279960841524,88254125.63,2026 M09
POS,2026-03-29/2026-04-04,142.40368642613882,1.4478879741792354,1.7221118126116732,2.090525432864465,0.4094413018563663,148.07365294765057,84564737.36,2026 M09
POS,2026-04-05/2026-04-11,142.33130530023405,1.592973447860177,1.544462489541885,1.9733569738208474,0.3711910497385026,147.8132892611955,70769262.27,2026 M09
POS,2026-04-12/2026-04-18,142.1999276470449,1.6450178972540834,2.266973593817544,2.394822035360053,0.3968731737801424,148.9036143472567,74565577.95000002,2026 M09
POS,2026-04-19/2026-04-25,142.2914035539794,1.628665524428915,2.2201978268986133,2.452167989332867,0.4771006896075296,149.06953558424735,75238676.79,2026 M09
POS,2026-04-26/2026-05-02,142.40525736004486,1.6160057190556594,2.00618642893593,2.542139533930635,0.5182855114216641,149.08787455338876,76768506.28000002,2026 M09
POS,2026-05-03/2026-05-09,142.3057051178365,1.644173712547027,2.341772941898344,2.644110230971467,0.5087658519963062,149.44452785524967,76471479.06,2026 M09
POS,2026-05-10/2026-05-16,142.79385391658397,1.442090655944595,2.073888137617169,2.930245462246144,0.5880542735550517,149.82813244594695,67184168.48,2026 M09
POS,2026-05-17/2026-05-23,142.6303997714782,1.4623857585515643,2.0375874456947556,2.6472120848611675,0.47374718401980226,149.2513322446055,72127863.93,2026 M09
POS,2026-05-24/2026-05-30,142.36283092902312,1.53741299696401,1.9494545793418752,2.7055362566764205,0.44300599215110276,148.9982407541565,72983888.72,2026 M09
POS,2026-05-31/2026-06-06,142.95233413115432,1.3442715437555182,1.473269128798492,2.669942339647829,0.5715211485743431,149.0113382919305,66867225.08,2026 M09
POS,2026-06-07/2026-06-13,142.79161774778652,1.422870567281429,1.633943157850533,2.48784207235833,0.6385145725126598,148.97478811778944,69461095.28999999,2026 M09
POS,2026-06-14/2026-06-20,142.7195340596265,1.3133595111306378,1.4498235688583945,2.404834485398127,0.5310283708746458,148.41857999588828,72398763.00999999,2026 M09
POS,2026-06-21/2026-06-27,142.53532870427895,1.274275785783877,1.2190712794173921,2.860636820992435,0.46525274253230314,148.35456533300496,70169726.80000001,2026 M09
POS,2026-06-28/2026-07-04,142.68284591968666,1.4406615443476765,1.3491387046860785,2.7473319768640896,0.5604024217069304,148.78038056729142,70078201.15,2026 M09
POS,2026-07-05/2026-07-11,142.70929445210948,1.5022423431833003,1.8096706447089577,2.619304983728377,0.7056437247528456,149.34615614848298,68124971.75,2026 M09
POS,2026-07-12/2026-07-18,143.10372681846766,1.241431276014244,1.5494525466291797,2.39257101917034,0.6780430260718372,148.96522468635325,66746798.44,2026 M09
POS,2026-07-19/2026-07-25,143.18125367124603,1.4415197304579395,1.5670363276216797,2.645671796849008,0.7153589836491658,149.55084050982381,67463510.21,2026 M09
POS,2026-07-26/2026-08-01,143.25515563570457,1.4363562666188943,1.7960519703889062,2.308186369537904,0.6821353354733953,149.47788557772364,65969311.75,2026 M09
POS,2026-08-02/2026-08-08,143.74491144994838,1.3649631513693774,1.5065359168937245,1.970177002154411,0.6266400672319308,149.21322758759783,62503682.9,2026 M09
POS,2026-08-09/2026-08-15,143.41626337245256,1.4895459658056895,1.5856489392215054,2.4744244556811243,0.7000397956921239,149.665922528853,64519007.489999995,2026 M09
POS,2026-08-16/2026-08-22,143.42297345798377,1.4637161781033774,1.6156355492837546,2.393896249863821,0.7879807282811758,149.6842021635159,61732005.64999999,2026 M09
POS,2026-08-23/2026-08-29,143.75131579400232,1.38425822969337,1.4722600521347102,2.070466868035428,0.6405669091096796,149.31886785297553,59161701.91,2026 M09
POS,2026-08-30/2026-09-05,143.75997360640486,3.615869257014676,1.687622487577882,1.7044728596248813,0.7722428306112649,151.54018104123358,43164569.71,2026 M09
POS,2026-09-06/2026-09-12,144.19382060515736,4.012955036848109,0.6867681568339533,0.8759738864173523,0.9902030050334923,150.7597206902902,5221484.209999999,2026 M09
