Dealer Number,Corporate Dealer Group,DLA Loss Scalar,Dealer Level,Loss Ratio
29951,Auto Boutique,0.7,A,0.482835844916481
30405,Auto Boutique,0.7,A,0.647589946914302
31477,Auto Boutique,1.0,C,0.857978896902925
28558,Avis,1.0,C,1.09517656553797
28563,Avis,1.0,C,1.09517656553797
28812,Avis,1.0,C,1.09517656553797
28813,Avis,1.25,D,0.959438866294256
28814,Avis,1.0,C,1.09517656553797
28815,Avis,1.0,C,1.09517656553797
28816,Avis,1.0,C,1.09517656553797
28817,Avis,1.0,C,1.09517656553797
28818,Avis,1.0,C,1.09517656553797
28819,Avis,1.0,C,1.09517656553797
28820,Avis,1.0,C,1.09517656553797
28821,Avis,1.0,C,1.09517656553797
28822,Avis,1.0,C,1.09517656553797
28827,Avis,1.0,C,1.09517656553797
28828,Avis,1.0,C,1.09517656553797
28829,Avis,1.0,C,1.09517656553797
29008,Avis,1.0,C,1.09517656553797
29533,Avis,1.0,C,1.09517656553797
30282,Avis,1.0,C,1.09517656553797
33347,Avis,1.0,C,1.09517656553797
29196,EchoPark,0.7,A,0.311677350111603
29197,EchoPark,1.0,C,1.27639167153156
29198,EchoPark,1.0,C,1.02978057846039
31193,EchoPark,1.25,D,1.08022736510029
31196,EchoPark,0.7,A,0.678869584702036
31708,EchoPark,1.0,C,1.02978057846039
31776,EchoPark,1.0,C,1.21853052509246
33106,EchoPark,1.4,E,1.25078234484347
28347,HGreg,1.0,C,0.824458107502026
28348,HGreg,1.4,E,1.57066585536215
28349,HGreg,1.0,C,0.824458107502026
28350,HGreg,1.0,C,0.999172355673742
28351,HGreg,1.0,C,0.989238130437644
29646,HGreg,1.0,C,1.0
29647,HGreg,1.0,C,1.0
29842,HGreg,0.85,B,0.91296017072782
30211,HGreg,0.85,B,0.835893844022551
33325,HGreg,1.0,C,0.857354949517522
27412,Hertz Car Sales,0.85,B,0.877231756354512
27413,Hertz Car Sales,0.85,B,0.877231756354512
27414,Hertz Car Sales,0.85,B,0.877231756354512
27415,Hertz Car Sales,1.0,C,0.877231756354512
27416,Hertz Car Sales,1.0,C,0.886518290735077
27417,Hertz Car Sales,0.85,B,0.877231756354512
27418,Hertz Car Sales,0.85,B,0.877231756354512
27419,Hertz Car Sales,0.85,B,0.877231756354512
27424,Hertz Car Sales,0.85,B,0.877231756354512
27425,Hertz Car Sales,0.85,B,0.877231756354512
27426,Hertz Car Sales,0.85,B,0.877231756354512
28234,Hertz Car Sales,1.0,C,0.877231756354512
28411,Hertz Car Sales,1.0,C,0.877231756354512
28412,Hertz Car Sales,0.85,B,0.877231756354512
28413,Hertz Car Sales,1.0,C,0.877231756354512
28414,Hertz Car Sales,0.85,B,0.877231756354512
28415,Hertz Car Sales,0.85,B,0.877231756354512
28416,Hertz Car Sales,0.85,B,0.877231756354512
28417,Hertz Car Sales,0.85,B,0.849458565757988
28418,Hertz Car Sales,0.7,A,0.594936838644146
28423,Hertz Car Sales,1.0,C,1.0
28424,Hertz Car Sales,1.0,C,1.0
28426,Hertz Car Sales,1.0,C,1.0
28427,Hertz Car Sales,1.0,C,1.0
28428,Hertz Car Sales,1.0,C,1.0
28430,Hertz Car Sales,1.0,C,1.0
28431,Hertz Car Sales,1.0,C,1.0
28434,Hertz Car Sales,1.0,C,1.0
28436,Hertz Car Sales,1.0,C,1.0
28437,Hertz Car Sales,1.0,C,1.0
28439,Hertz Car Sales,1.0,C,1.0
28445,Hertz Car Sales,1.2,D,1.19842129599201
28448,Hertz Car Sales,0.85,B,0.877231756354512
28450,Hertz Car Sales,0.85,B,0.877231756354512
28451,Hertz Car Sales,1.0,C,0.877231756354512
28452,Hertz Car Sales,0.85,B,0.877231756354512
28462,Hertz Car Sales,1.0,C,1.0
28463,Hertz Car Sales,1.0,C,1.00425999964443
28470,Hertz Car Sales,1.0,C,1.0
28473,Hertz Car Sales,0.85,B,0.877231756354512
28474,Hertz Car Sales,0.85,B,0.877231756354512
28475,Hertz Car Sales,1.0,C,0.877231756354512
28476,Hertz Car Sales,0.85,B,0.877231756354512
28477,Hertz Car Sales,0.85,B,0.877231756354512
28478,Hertz Car Sales,1.0,C,0.877231756354512
28479,Hertz Car Sales,0.85,B,0.877231756354512
28480,Hertz Car Sales,0.85,B,0.877231756354512
28481,Hertz Car Sales,1.0,C,0.877231756354512
28482,Hertz Car Sales,0.85,B,0.877231756354512
28484,Hertz Car Sales,0.85,B,0.877231756354512
28485,Hertz Car Sales,0.85,B,0.877231756354512
28486,Hertz Car Sales,0.85,B,0.877231756354512
28487,Hertz Car Sales,0.85,B,0.877231756354512
28488,Hertz Car Sales,0.85,B,0.877231756354512
28489,Hertz Car Sales,0.85,B,0.877231756354512
28490,Hertz Car Sales,0.85,B,0.877231756354512
28491,Hertz Car Sales,0.85,B,0.877231756354512
28492,Hertz Car Sales,1.0,C,0.877231756354512
28493,Hertz Car Sales,0.85,B,0.877231756354512
28494,Hertz Car Sales,0.85,B,0.877231756354512
28495,Hertz Car Sales,0.85,B,0.877231756354512
28496,Hertz Car Sales,0.85,B,0.877231756354512
28497,Hertz Car Sales,1.0,C,0.877231756354512
28498,Hertz Car Sales,0.85,B,0.877231756354512
28499,Hertz Car Sales,0.85,B,0.877231756354512
28500,Hertz Car Sales,1.0,C,0.877231756354512
28501,Hertz Car Sales,1.4,E,1.26218417245649
28502,Hertz Car Sales,1.0,C,0.877231756354512
28503,Hertz Car Sales,1.0,C,0.877231756354512
28504,Hertz Car Sales,1.0,C,0.877231756354512
28505,Hertz Car Sales,1.0,C,0.877231756354512
28506,Hertz Car Sales,0.85,B,0.877231756354512
28507,Hertz Car Sales,0.85,B,0.877231756354512
28508,Hertz Car Sales,1.0,C,0.877231756354512
28509,Hertz Car Sales,0.85,B,0.877231756354512
28510,Hertz Car Sales,0.85,B,0.877231756354512
28511,Hertz Car Sales,0.7,A,0.0
28512,Hertz Car Sales,0.85,B,0.877231756354512
28513,Hertz Car Sales,0.85,B,0.877231756354512
28514,Hertz Car Sales,1.0,C,0.877231756354512
28515,Hertz Car Sales,0.85,B,0.877231756354512
28516,Hertz Car Sales,1.0,C,0.877231756354512
28517,Hertz Car Sales,1.0,C,0.847764045648648
28518,Hertz Car Sales,0.85,B,0.877231756354512
28519,Hertz Car Sales,0.85,B,0.877231756354512
28520,Hertz Car Sales,0.85,B,0.451733999875361
28521,Hertz Car Sales,0.85,B,0.877231756354512
28522,Hertz Car Sales,0.85,B,0.877231756354512
28523,Hertz Car Sales,0.85,B,0.877231756354512
28524,Hertz Car Sales,1.0,C,0.877231756354512
28525,Hertz Car Sales,0.85,B,0.877231756354512
28526,Hertz Car Sales,1.4,E,1.35267924110609
28527,Hertz Car Sales,0.85,B,0.877231756354512
28528,Hertz Car Sales,0.85,B,0.877231756354512
28529,Hertz Car Sales,0.85,B,0.877231756354512
28530,Hertz Car Sales,0.85,B,0.877231756354512
28531,Hertz Car Sales,1.0,C,1.09508778044297
28532,Hertz Car Sales,1.0,C,0.877231756354512
28533,Hertz Car Sales,1.0,C,0.877231756354512
28534,Hertz Car Sales,0.7,A,1.0
28535,Hertz Car Sales,0.85,B,0.877231756354512
28536,Hertz Car Sales,0.85,B,0.877231756354512
28883,Hertz Car Sales,0.85,B,0.877231756354512
29013,Hertz Car Sales,0.85,B,0.877231756354512
29018,Hertz Car Sales,0.85,B,0.877231756354512
29452,Hertz Car Sales,0.85,B,0.877231756354512
29609,Hertz Car Sales,0.85,B,0.877231756354512
31169,Hertz Car Sales,1.0,C,1.09508778044297
32845,Hertz Car Sales,1.0,C,0.877231756354512
58934,Hertz Car Sales,0.85,B,0.877231756354512
58935,Hertz Car Sales,0.85,B,0.877231756354512
6333,Penske,1.0,C,1.02118177788871
16099,Penske,0.7,A,0.474212244168555
16102,Penske,0.7,A,0.474212244168555
16103,Penske,1.0,C,1.02118177788871
23328,Penske,1.0,C,1.02118177788871
23329,Penske,1.0,C,1.02118177788871
23330,Penske,1.0,C,1.02118177788871
23331,Penske,1.0,C,1.02118177788871
23332,Penske,1.0,C,1.02118177788871
23334,Penske,1.0,C,1.02118177788871
23335,Penske,1.0,C,1.02118177788871
23336,Penske,1.0,C,1.02118177788871
23337,Penske,1.0,C,1.02118177788871
23339,Penske,1.0,C,1.16135942513602
23340,Penske,1.0,C,1.16135942513602
23341,Penske,1.0,C,1.02118177788871
23342,Penske,0.85,B,1.0
23343,Penske,0.85,B,0.802666504617552
23383,Penske,1.0,C,1.02118177788871
23397,Penske,1.0,C,1.02118177788871
23398,Penske,1.0,C,1.02118177788871
23399,Penske,1.0,C,1.02118177788871
23400,Penske,1.0,C,1.02118177788871
23401,Penske,1.35,E,1.22177788042927
23402,Penske,1.0,C,1.02118177788871
23403,Penske,1.35,E,1.22177788042927
23418,Penske,1.0,C,1.02118177788871
23430,Penske,1.35,E,1.80355117027375
23431,Penske,1.35,E,1.80355117027375
23432,Penske,1.35,E,1.80355117027375
23433,Penske,1.35,E,1.81025826333094
23434,Penske,1.35,E,1.81025826333094
23435,Penske,1.35,E,1.81025826333094
23436,Penske,1.35,E,1.0
23459,Penske,1.0,C,1.02118177788871
23464,Penske,1.0,C,1.27144853764807
23465,Penske,1.0,C,1.02118177788871
23466,Penske,1.0,C,1.02118177788871
23467,Penske,1.0,C,1.02118177788871
23468,Penske,1.0,C,1.49953714077898
23469,Penske,1.0,C,1.49953714077898
23471,Penske,1.0,C,1.49953714077898
23472,Penske,1.0,C,1.49953714077898
23500,Penske,1.35,E,1.0
23523,Penske,1.0,C,1.02118177788871
23669,Penske,1.0,C,1.02118177788871
23670,Penske,1.0,C,1.02118177788871
23671,Penske,1.0,C,1.02118177788871
23672,Penske,1.0,C,1.02118177788871
23674,Penske,0.85,B,0.802666504617552
23675,Penske,0.85,B,0.802666504617552
23677,Penske,0.85,B,1.0
23707,Penske,1.0,C,1.02118177788871
23708,Penske,1.0,C,1.02118177788871
23709,Penske,1.0,C,1.02118177788871
23710,Penske,1.0,C,1.02118177788871
23711,Penske,1.0,C,1.02118177788871
23712,Penske,1.0,C,1.02118177788871
23713,Penske,1.0,C,1.02118177788871
23726,Penske,1.0,C,1.02118177788871
23728,Penske,1.0,C,1.02118177788871
23729,Penske,1.0,C,1.02118177788871
23730,Penske,1.0,C,1.02118177788871
23731,Penske,1.0,C,1.02118177788871
23732,Penske,1.0,C,1.02118177788871
23733,Penske,1.0,C,1.02118177788871
23734,Penske,1.0,C,1.02118177788871
23735,Penske,1.0,C,1.02118177788871
23736,Penske,1.0,C,1.02118177788871
23737,Penske,1.0,C,1.02118177788871
23738,Penske,1.0,C,1.02118177788871
23757,Penske,1.0,C,1.02118177788871
23758,Penske,1.0,C,1.02118177788871
23759,Penske,1.0,C,1.02118177788871
23760,Penske,1.0,C,1.02118177788871
23762,Penske,1.0,C,1.02118177788871
23763,Penske,1.0,C,1.02118177788871
23765,Penske,1.0,C,1.02118177788871
23766,Penske,1.0,C,1.02118177788871
23767,Penske,1.0,C,1.02118177788871
23768,Penske,1.0,C,1.02118177788871
23769,Penske,1.35,E,1.81025826333094
23770,Penske,1.35,E,1.81025826333094
23771,Penske,1.35,E,1.0
23772,Penske,1.0,C,1.02118177788871
23773,Penske,1.0,C,1.02118177788871
23774,Penske,1.0,C,1.02118177788871
23776,Penske,1.0,C,1.02118177788871
23777,Penske,1.0,C,1.02118177788871
23815,Penske,1.35,E,1.25700488005534
23816,Penske,1.0,C,1.02118177788871
23817,Penske,1.0,C,1.02118177788871
23818,Penske,1.0,C,1.02118177788871
23819,Penske,1.35,E,1.25700488005534
23820,Penske,1.0,C,1.02118177788871
23821,Penske,1.0,C,1.02118177788871
23822,Penske,1.0,C,1.02118177788871
23823,Penske,1.35,E,1.25700488005534
23824,Penske,1.0,C,1.02118177788871
23825,Penske,1.0,C,1.02118177788871
23826,Penske,1.0,C,1.02118177788871
23827,Penske,1.0,C,1.02118177788871
23828,Penske,1.35,E,1.0
23829,Penske,1.0,C,1.02118177788871
23830,Penske,1.0,C,1.02118177788871
23831,Penske,1.0,C,1.02118177788871
23832,Penske,1.0,C,1.02118177788871
23833,Penske,1.0,C,1.02118177788871
23834,Penske,1.0,C,1.02118177788871
23835,Penske,1.0,C,1.02118177788871
24323,Penske,1.0,C,1.02118177788871
24562,Penske,1.0,C,1.02118177788871
24563,Penske,1.0,C,1.02118177788871
24564,Penske,1.0,C,1.02118177788871
25203,Penske,1.0,C,1.02118177788871
26075,Penske,1.0,C,1.02118177788871
26204,Penske,0.7,A,0.573815250860433
26205,Penske,0.85,B,0.746843300564869
26206,Penske,0.85,B,0.0
26207,Penske,0.85,B,0.519536347684047
26208,Penske,1.0,C,0.95259058859384
26291,Penske,1.0,C,1.02118177788871
26346,Penske,1.0,C,1.02118177788871
26639,Penske,1.0,C,1.02118177788871
27148,Penske,1.0,C,1.02118177788871
27483,Penske,0.85,B,0.802666504617552
27484,Penske,1.0,C,1.02118177788871
28713,Penske,0.85,B,1.01231184377703
29786,Penske,1.0,C,0.85720598860748
29955,Penske,1.0,C,1.02118177788871
30198,Penske,0.85,B,0.85720598860748
30281,Penske,1.0,C,1.02118177788871
30639,Penske,0.85,B,0.85720598860748
30944,Penske,1.0,C,1.02118177788871
30945,Penske,1.0,C,1.02118177788871
31088,Penske,1.0,C,1.02118177788871
31089,Penske,1.0,C,1.02118177788871
31287,Penske,1.35,E,1.0
31288,Penske,1.35,E,1.0
31316,Penske,1.0,C,1.02118177788871
31742,Penske,1.0,C,1.0
32893,Penske,1.0,C,1.02118177788871
32894,Penske,1.0,C,1.02118177788871
33386,Penske,0.85,B,1.0
33432,Penske,1.0,C,1.02118177788871
39055,Penske,1.0,C,1.02118177788871
39273,Penske,1.0,C,1.02118177788871
45038,Penske,1.35,E,1.80355117027375
53024,Penske,1.0,C,1.02118177788871
341,Sonic Automotive,1.0,C,0.95721818213391
408,Sonic Automotive,1.0,C,0.95721818213391
415,Sonic Automotive,0.7,A,0.585731928980827
416,Sonic Automotive,1.0,C,0.95721818213391
436,Sonic Automotive,1.0,C,0.95721818213391
443,Sonic Automotive,1.0,C,0.95721818213391
485,Sonic Automotive,1.0,C,0.95721818213391
486,Sonic Automotive,0.85,B,0.411929115892975
498,Sonic Automotive,1.0,C,0.95721818213391
510,Sonic Automotive,0.85,B,0.930475160607702
515,Sonic Automotive,0.85,B,0.757195614531927
518,Sonic Automotive,0.85,B,1.0
523,Sonic Automotive,0.7,A,0.585731928980827
531,Sonic Automotive,1.0,C,0.95721818213391
532,Sonic Automotive,1.0,C,0.848196787451994
543,Sonic Automotive,1.0,C,0.848196787451994
560,Sonic Automotive,1.0,C,0.95721818213391
639,Sonic Automotive,1.0,C,0.956847421083856
719,Sonic Automotive,0.7,A,0.296612049479079
938,Sonic Automotive,1.0,C,0.95721818213391
1080,Sonic Automotive,1.0,C,0.95721818213391
8395,Sonic Automotive,1.0,C,0.95721818213391
29127,Sonic Automotive,1.0,C,0.95721818213391
29129,Sonic Automotive,1.0,C,0.95721818213391
29130,Sonic Automotive,1.0,C,0.95721818213391
29131,Sonic Automotive,1.0,C,0.95721818213391
29133,Sonic Automotive,1.25,D,1.0
29134,Sonic Automotive,1.4,E,1.78228285522093
29135,Sonic Automotive,1.0,C,0.848196787451994
29136,Sonic Automotive,1.0,C,0.848196787451994
29139,Sonic Automotive,1.25,D,1.24214933224007
29140,Sonic Automotive,1.0,C,0.95721818213391
29141,Sonic Automotive,1.0,C,0.95721818213391
29142,Sonic Automotive,1.0,C,0.95721818213391
29143,Sonic Automotive,1.0,C,0.963061980887195
29144,Sonic Automotive,1.0,C,0.963061980887195
29145,Sonic Automotive,1.0,C,0.95721818213391
29147,Sonic Automotive,1.0,C,0.95721818213391
29148,Sonic Automotive,1.25,D,1.31040240551618
29149,Sonic Automotive,0.7,A,0.22102511391625
29150,Sonic Automotive,1.0,C,0.95721818213391
29151,Sonic Automotive,0.85,B,0.808881913622433
29152,Sonic Automotive,1.25,D,1.31040240551618
29153,Sonic Automotive,1.0,C,0.95721818213391
29154,Sonic Automotive,1.25,D,1.31040240551618
29155,Sonic Automotive,1.0,C,0.963061980887195
29156,Sonic Automotive,1.0,C,0.95721818213391
29157,Sonic Automotive,1.0,C,0.95721818213391
29158,Sonic Automotive,0.7,A,0.22102511391625
29159,Sonic Automotive,1.25,D,1.24214933224007
29160,Sonic Automotive,0.85,B,0.838085508131987
29162,Sonic Automotive,0.85,B,0.838085508131987
29166,Sonic Automotive,0.85,B,0.76416117395123
29168,Sonic Automotive,1.0,C,1.05888311917094
29169,Sonic Automotive,1.0,C,1.05888311917094
29170,Sonic Automotive,1.0,C,0.95721818213391
29171,Sonic Automotive,1.0,C,0.95721818213391
29172,Sonic Automotive,0.85,B,0.76416117395123
29173,Sonic Automotive,1.0,C,0.95721818213391
29174,Sonic Automotive,0.85,B,0.756733655522641
29175,Sonic Automotive,1.0,C,0.95721818213391
29176,Sonic Automotive,1.0,C,0.95721818213391
29178,Sonic Automotive,0.85,B,0.411929115892975
29181,Sonic Automotive,1.0,C,0.95721818213391
29182,Sonic Automotive,1.0,C,0.95721818213391
29183,Sonic Automotive,0.7,A,0.296612049479079
29185,Sonic Automotive,0.85,B,0.561166304215214
29187,Sonic Automotive,0.7,A,0.296612049479079
29188,Sonic Automotive,0.85,B,0.561166304215214
29190,Sonic Automotive,0.7,A,0.296612049479079
29191,Sonic Automotive,0.85,B,0.561166304215214
29193,Sonic Automotive,0.85,B,0.757195614531927
29194,Sonic Automotive,0.85,B,0.757195614531927
29195,Sonic Automotive,1.0,C,0.95721818213391
29196,Sonic Automotive,0.7,A,0.311677350111603
29197,Sonic Automotive,1.0,C,1.27639167153156
29198,Sonic Automotive,1.0,C,1.02978057846039
29200,Sonic Automotive,1.0,C,0.95721818213391
29202,Sonic Automotive,0.85,B,0.757195614531927
29203,Sonic Automotive,1.0,C,0.95721818213391
29204,Sonic Automotive,0.85,B,0.757195614531927
29205,Sonic Automotive,0.85,B,0.757195614531927
29206,Sonic Automotive,0.85,B,0.757195614531927
29210,Sonic Automotive,0.85,B,0.705917895971681
29211,Sonic Automotive,0.85,B,0.705917895971681
29212,Sonic Automotive,0.85,B,0.705917895971681
29213,Sonic Automotive,0.85,B,0.757195614531927
29215,Sonic Automotive,0.85,B,0.930475160607702
29217,Sonic Automotive,1.0,C,0.95721818213391
29483,Sonic Automotive,0.85,B,0.757195614531927
30266,Sonic Automotive,1.0,C,0.95721818213391
30469,Sonic Automotive,1.0,C,0.95721818213391
30582,Sonic Automotive,1.0,C,0.95721818213391
30593,Sonic Automotive,1.0,C,0.95721818213391
30600,Sonic Automotive,1.0,C,0.95721818213391
30746,Sonic Automotive,1.0,C,0.95721818213391
30961,Sonic Automotive,0.85,B,0.864819040955216
30962,Sonic Automotive,0.85,B,0.721148205182679
30963,Sonic Automotive,1.0,C,0.95721818213391
30964,Sonic Automotive,1.0,C,0.95721818213391
30965,Sonic Automotive,0.85,B,0.61477813409674
30966,Sonic Automotive,1.0,C,1.12180945392387
30967,Sonic Automotive,1.0,C,0.95721818213391
30968,Sonic Automotive,1.0,C,0.95721818213391
30969,Sonic Automotive,1.0,C,0.95721818213391
30970,Sonic Automotive,1.0,C,1.12180945392387
30971,Sonic Automotive,1.0,C,0.95721818213391
30972,Sonic Automotive,1.0,C,0.95721818213391
30973,Sonic Automotive,1.0,C,1.12180945392387
30974,Sonic Automotive,1.0,C,0.95721818213391
30975,Sonic Automotive,1.0,C,0.95721818213391
30976,Sonic Automotive,1.0,C,0.95721818213391
30977,Sonic Automotive,1.0,C,0.95721818213391
30979,Sonic Automotive,1.0,C,0.95721818213391
30980,Sonic Automotive,1.0,C,0.95721818213391
30981,Sonic Automotive,1.0,C,0.95721818213391
30982,Sonic Automotive,1.0,C,0.95721818213391
30983,Sonic Automotive,1.0,C,0.95721818213391
30985,Sonic Automotive,1.0,C,0.95721818213391
31011,Sonic Automotive,1.0,C,0.95721818213391
31183,Sonic Automotive,1.4,E,1.36350741702696
31186,Sonic Automotive,1.0,C,1.0835930045105
31188,Sonic Automotive,1.0,C,0.9757510692154
31189,Sonic Automotive,1.25,D,1.18029614580265
31193,Sonic Automotive,1.25,D,1.08022736510029
31196,Sonic Automotive,0.7,A,0.678869584702036
31197,Sonic Automotive,1.0,C,0.95721818213391
31199,Sonic Automotive,1.0,C,1.02978057846039
31202,Sonic Automotive,0.85,B,0.782780727881197
31208,Sonic Automotive,1.4,E,1.49480108825422
31209,Sonic Automotive,1.0,C,0.96230180791856
31210,Sonic Automotive,1.0,C,1.02978057846039
31211,Sonic Automotive,0.85,B,0.603882037815334
31212,Sonic Automotive,1.0,C,0.95721818213391
31213,Sonic Automotive,0.7,A,0.514497719049002
31215,Sonic Automotive,1.0,C,1.0016353566865
31350,Sonic Automotive,1.0,C,0.95721818213391
31776,Sonic Automotive,1.0,C,1.21853052509246
32382,Sonic Automotive,0.7,A,1.0
33106,Sonic Automotive,1.4,E,1.25078234484347
37913,Sonic Automotive,0.7,A,0.296612049479079
41945,Sonic Automotive,1.25,D,1.0
49860,Sonic Automotive,1.0,C,0.95721818213391
49927,Sonic Automotive,1.0,C,0.95721818213391
59746,Sonic Automotive,1.25,D,1.0
59751,Sonic Automotive,1.0,C,0.95721818213391
59753,Sonic Automotive,0.7,A,1.0
28919,Woodhouse Auto Family,0.7,A,0.585676814191535
28959,Woodhouse Auto Family,0.7,A,0.585676814191535
28960,Woodhouse Auto Family,0.7,A,0.585676814191535
28961,Woodhouse Auto Family,0.7,A,0.470083118987659
28962,Woodhouse Auto Family,0.7,A,0.470083118987659
28963,Woodhouse Auto Family,0.85,B,0.772201187248452
28964,Woodhouse Auto Family,0.7,A,0.585676814191535
28965,Woodhouse Auto Family,0.85,B,0.772201187248452
28966,Woodhouse Auto Family,0.85,B,0.772201187248452
28967,Woodhouse Auto Family,0.7,A,0.585676814191535
29282,Woodhouse Auto Family,0.7,A,0.585676814191535
29283,Woodhouse Auto Family,0.7,A,0.585676814191535
29284,Woodhouse Auto Family,0.7,A,1.0
29937,Woodhouse Auto Family,0.7,A,0.585676814191535
31007,Woodhouse Auto Family,0.7,A,0.585676814191535
32131,Woodhouse Auto Family,0.7,A,1.0
32466,Woodhouse Auto Family,0.7,A,0.585676814191535
32866,Woodhouse Auto Family,0.85,B,0.400702619751027
40301,Woodhouse Auto Family,0.7,A,1.0
45656,Woodhouse Auto Family,0.7,A,1.0
46274,Woodhouse Auto Family,0.85,B,0.772201187248452
46275,Woodhouse Auto Family,0.85,B,0.772201187248452
47115,Woodhouse Auto Family,0.7,A,1.0
53066,Woodhouse Auto Family,0.7,A,1.0
