model_version,lob,term,tag,charge_off_month,pay_off_month,total_loss_month
franchise4.0,AN,36,0,14.277536137505017,24.875966795709346,12.437983397854673
franchise4.0,AN,36,1,16.04743179672345,26.257964951026526,13.128982475513263
franchise4.0,AN,36,2,17.24006846806864,27.639963106343714,13.819981553171857
franchise4.0,AN,36,3,19.00318081910157,29.0219612616609,14.51098063083045
franchise4.0,AN,36,4,15.762689565723102,30.40395941697808,15.20197970848904
franchise4.0,AN,36,5,17.48673839699532,31.785957572295267,15.892978786147633
franchise4.0,AN,36,6,18.725890926452927,33.16795572761245,16.583977863806226
franchise4.0,AN,36,7,20.466251917323618,34.549953882929636,17.274976941464818
franchise4.0,AN,36,8,15.734156012942332,35.93195203824683,17.965976019123413
franchise4.0,AN,36,9,17.460458470872155,37.31395019356401,18.656975096782006
franchise4.0,AN,36,10,18.39019822846519,38.695948348881195,19.347974174440598
franchise4.0,AN,36,11,19.81556628685476,40.07794650419838,20.03897325209919
franchise4.0,AN,36,12,14.023118389074206,41.459944659515564,20.729972329757782
franchise4.0,AN,36,13,16.330117456879243,42.841942814832755,21.420971407416378
franchise4.0,AN,36,14,17.178781131994615,44.22394097014994,22.11197048507497
franchise4.0,AN,36,15,19.344081816389973,45.605939125467124,22.802969562733562
franchise4.0,AN,48,0,15.86392904167224,27.639963106343714,13.819981553171857
franchise4.0,AN,48,1,17.830479774137164,29.175516612251695,14.587758306125847
franchise4.0,AN,48,2,19.155631631187376,30.71107011815968,15.35553505907984
franchise4.0,AN,48,3,21.114645354557297,32.24662362406766,16.12331181203383
franchise4.0,AN,48,4,17.51409951747011,33.78217712997564,16.89108856498782
franchise4.0,AN,48,5,19.4297093299948,35.31773063588363,17.658865317941814
franchise4.0,AN,48,6,20.806545473836586,36.85328414179161,18.426642070895806
franchise4.0,AN,48,7,22.74027990813735,38.388837647699596,19.194418823849798
franchise4.0,AN,48,8,17.482395569935925,39.92439115360758,19.96219557680379
franchise4.0,AN,48,9,19.400509412080172,41.459944659515564,20.729972329757782
franchise4.0,AN,48,10,20.433553587183543,42.99549816542355,21.497749082711774
franchise4.0,AN,48,11,22.017295874283068,44.531051671331525,22.265525835665763
franchise4.0,AN,48,12,15.581242654526893,46.066605177239516,23.033302588619758
franchise4.0,AN,48,13,18.144574952088046,47.6021586831475,23.80107934157375
franchise4.0,AN,48,14,19.087534591105126,49.13771218905548,24.56885609452774
franchise4.0,AN,48,15,21.493424240433303,50.67326569496347,25.336632847481734
franchise4.0,AN,60,0,17.450321945839466,30.40395941697809,15.201979708489045
franchise4.0,AN,60,1,19.613527751550883,32.09306827347687,16.046534136738433
franchise4.0,AN,60,2,21.071194794306116,33.78217712997565,16.891088564987825
franchise4.0,AN,60,3,23.22610989001303,35.471285986474435,17.735642993237217
franchise4.0,AN,60,4,19.265509469217125,37.16039484297321,18.580197421486606
franchise4.0,AN,60,5,21.372680262994283,38.849503699471995,19.424751849735998
franchise4.0,AN,60,6,22.88720002122025,40.53861255597078,20.26930627798539
franchise4.0,AN,60,7,25.014307898951092,42.22772141246956,21.11386070623478
franchise4.0,AN,60,8,19.230635126929517,43.91683026896835,21.958415134484174
franchise4.0,AN,60,9,21.340560353288193,45.60593912546713,22.802969562733566
franchise4.0,AN,60,10,22.476908945901904,47.29504798196591,23.647523990982954
franchise4.0,AN,60,11,24.21902546171138,48.984156838464685,24.492078419232342
franchise4.0,AN,60,12,17.139366919979587,50.673265694963476,25.336632847481738
franchise4.0,AN,60,13,19.959032447296856,52.36237455146226,26.18118727573113
franchise4.0,AN,60,14,20.996288050215643,54.05148340796104,27.02574170398052
franchise4.0,AN,60,15,23.642766664476635,55.74059226445982,27.87029613222991
franchise4.0,AN,72,0,19.03671485000669,33.16795572761246,16.58397786380623
franchise4.0,AN,72,1,21.3965757289646,35.010619934702035,17.505309967351018
franchise4.0,AN,72,2,22.986757957424853,36.85328414179162,18.42664207089581
franchise4.0,AN,72,3,25.33757442546876,38.695948348881195,19.347974174440598
franchise4.0,AN,72,4,21.016919420964136,40.53861255597077,20.269306277985386
franchise4.0,AN,72,5,23.315651195993762,42.381276763060356,21.190638381530178
franchise4.0,AN,72,6,24.967854568603904,44.22394097014994,22.11197048507497
franchise4.0,AN,72,7,27.288335889764824,46.066605177239516,23.033302588619758
franchise4.0,AN,72,8,20.97887468392311,47.9092693843291,23.95463469216455
franchise4.0,AN,72,9,23.280611294496207,49.751933591418684,24.875966795709342
franchise4.0,AN,72,10,24.520264304620255,51.59459779850826,25.79729889925413
franchise4.0,AN,72,11,26.420755049139682,53.43726200559784,26.71863100279892
franchise4.0,AN,72,12,18.697491185432273,55.27992621268742,27.63996310634371
franchise4.0,AN,72,13,21.77348994250566,57.122590419777005,28.561295209888502
franchise4.0,AN,72,14,22.905041509326153,58.96525462686658,29.48262731343329
franchise4.0,AN,72,15,25.792109088519965,60.807918833956165,30.403959416978083
franchise4.0,ENT,36,0,16.60736108386049,28.935255978883625,14.467627989441812
franchise4.0,ENT,36,1,18.66607037447723,30.54277019993271,15.271385099966356
franchise4.0,ENT,36,2,20.05332288444315,32.150284420981805,16.075142210490903
franchise4.0,ENT,36,3,22.104141958758227,33.75779864203089,16.878899321015446
franchise4.0,ENT,36,4,18.334863575173472,35.36531286307998,17.68265643153999
franchise4.0,ENT,36,5,20.34024469915701,36.97282708412907,18.486413542064536
franchise4.0,ENT,36,6,21.781603579042688,38.58034130517816,19.29017065258908
franchise4.0,ENT,36,7,23.80595869979292,40.18785552622725,20.093927763113626
franchise4.0,ENT,36,8,18.301673884076077,41.79536974727634,20.89768487363817
franchise4.0,ENT,36,9,20.309676384135336,43.40288396832544,21.70144198416272
franchise4.0,ENT,36,10,21.39113215631219,45.01039818937452,22.50519909468726
franchise4.0,ENT,36,11,23.049093431640006,46.61791241042361,23.308956205211803
franchise4.0,ENT,36,12,16.311427151448,48.2254266314727,24.11271331573635
franchise4.0,ENT,36,13,18.994885009315,49.83294085252179,24.916470426260894
franchise4.0,ENT,36,14,19.982034609614306,51.44045507357089,25.720227536785444
franchise4.0,ENT,36,15,22.500671577124578,53.047969294619975,26.523984647309987
franchise4.0,ENT,48,0,18.452623426511654,32.150284420981805,16.075142210490903
franchise4.0,ENT,48,1,20.740078193863585,33.93641133325857,16.968205666629284
franchise4.0,ENT,48,2,22.281469871603502,35.72253824553534,17.86126912276767
franchise4.0,ENT,48,3,24.560157731953584,37.508665157812096,18.754332578906048
franchise4.0,ENT,48,4,20.37207063908163,39.29479207008886,19.64739603504443
franchise4.0,ENT,48,5,22.600271887952232,41.08091898236563,20.540459491182816
franchise4.0,ENT,48,6,24.201781754491872,42.867045894642395,21.433522947321197
franchise4.0,ENT,48,7,26.451065221992135,44.653172806919166,22.326586403459583
franchise4.0,ENT,48,8,20.335193204528974,46.43929971919593,23.219649859597965
franchise4.0,ENT,48,9,22.566307093483704,48.2254266314727,24.11271331573635
franchise4.0,ENT,48,10,23.767924618124653,50.011553543749464,25.005776771874732
franchise4.0,ENT,48,11,25.61010381293334,51.79768045602623,25.898840228013114
franchise4.0,ENT,48,12,18.123807946053333,53.58380736830299,26.791903684151496
franchise4.0,ENT,48,13,21.105427788127773,55.36993428057976,27.68496714028988
franchise4.0,ENT,48,14,22.202260677349226,57.156061192856534,28.578030596428267
franchise4.0,ENT,48,15,25.000746196805085,58.942188105133305,29.471094052566652
franchise4.0,ENT,60,0,20.29788576916282,35.365312863079986,17.682656431539993
franchise4.0,ENT,60,1,22.81408601324995,37.33005246658443,18.665026233292217
franchise4.0,ENT,60,2,24.509616858763856,39.29479207008888,19.64739603504444
franchise4.0,ENT,60,3,27.016173505148945,41.259531673593315,20.629765836796658
franchise4.0,ENT,60,4,22.409277702989797,43.224271277097756,21.612135638548878
franchise4.0,ENT,60,5,24.86029907674746,45.189010880602204,22.594505440301102
franchise4.0,ENT,60,6,26.621959929941067,47.153750484106645,23.576875242053323
franchise4.0,ENT,60,7,29.096171744191352,49.11849008761109,24.559245043805547
franchise4.0,ENT,60,8,22.368712524981873,51.083229691115534,25.541614845557767
franchise4.0,ENT,60,9,24.82293780283208,53.04796929461998,26.52398464730999
franchise4.0,ENT,60,10,26.144717079937124,55.012708898124416,27.506354449062208
franchise4.0,ENT,60,11,28.171114194226675,56.97744850162886,28.48872425081443
franchise4.0,ENT,60,12,19.936188740658668,58.942188105133305,29.471094052566652
franchise4.0,ENT,60,13,23.215970566940555,60.90692770863775,30.453463854318876
franchise4.0,ENT,60,14,24.422486745084154,62.8716673121422,31.4358336560711
franchise4.0,ENT,60,15,27.500820816485597,64.83640691564665,32.418203457823324
franchise4.0,ENT,72,0,22.143148111813986,38.580341305178166,19.290170652589083
franchise4.0,ENT,72,1,24.888093832636304,40.723693599910284,20.361846799955142
franchise4.0,ENT,72,2,26.737763845924203,42.86704589464241,21.433522947321205
franchise4.0,ENT,72,3,29.472189278344302,45.01039818937452,22.50519909468726
franchise4.0,ENT,72,4,24.44648476689796,47.15375048410664,23.57687524205332
franchise4.0,ENT,72,5,27.12032626554268,49.29710277883876,24.64855138941938
franchise4.0,ENT,72,6,29.04213810539025,51.44045507357088,25.72022753678544
franchise4.0,ENT,72,7,31.741278266390562,53.583807368303006,26.791903684151503
franchise4.0,ENT,72,8,24.40223184543477,55.727159663035124,27.863579831517562
franchise4.0,ENT,72,9,27.079568512180447,57.87051195776725,28.935255978883625
franchise4.0,ENT,72,10,28.521509541749587,60.01386425249936,30.00693212624968
franchise4.0,ENT,72,11,30.732124575520007,62.15721654723148,31.07860827361574
franchise4.0,ENT,72,12,21.748569535264,64.3005688419636,32.1502844209818
franchise4.0,ENT,72,13,25.32651334575333,66.44392113669572,33.22196056834786
franchise4.0,ENT,72,14,26.642712812819074,68.58727343142785,34.29363671571392
franchise4.0,ENT,72,15,30.000895436166104,70.73062572615997,35.365312863079986
franchise4.0,FLD,36,0,15.52353654848429,27.046892125713583,13.523446062856792
franchise4.0,FLD,36,1,17.447890981088953,28.54949724380878,14.27474862190439
franchise4.0,FLD,36,2,18.744609040730644,30.052102361903984,15.026051180951992
franchise4.0,FLD,36,3,20.661588185924153,31.554707479999173,15.777353739999587
franchise4.0,FLD,36,4,17.13829929893452,33.05731259809438,16.52865629904719
franchise4.0,FLD,36,5,19.01280585145674,34.559917716189574,17.279958858094787
franchise4.0,FLD,36,6,20.360099207601827,36.06252283428478,18.03126141714239
franchise4.0,FLD,36,7,22.252341481699027,37.56512795237997,18.782563976189984
franchise4.0,FLD,36,8,17.1072756233378,39.06773307047517,19.533866535237586
franchise4.0,FLD,36,9,18.984232476489556,40.57033818857037,20.285169094285184
franchise4.0,FLD,36,10,19.995110611804613,42.072943306665564,21.036471653332782
franchise4.0,FLD,36,11,21.54487052390379,43.57554842476076,21.78777421238038
franchise4.0,FLD,36,12,15.246915766136967,45.078153542855965,22.539076771427982
franchise4.0,FLD,36,13,17.755246615485387,46.58075866095117,23.290379330475584
franchise4.0,FLD,36,14,18.67797315955748,48.083363779046365,24.041681889523183
franchise4.0,FLD,36,15,21.03223960924081,49.58596889714157,24.792984448570785
franchise4.0,FLD,48,0,17.24837394276032,30.05210236190398,15.02605118095199
franchise4.0,FLD,48,1,19.386545534543277,31.721663604231974,15.860831802115987
franchise4.0,FLD,48,2,20.827343378589603,33.39122484655998,16.69561242327999
franchise4.0,FLD,48,3,22.957320206582388,35.060786088887966,17.530393044443983
franchise4.0,FLD,48,4,19.04255477659391,36.73034733121597,18.365173665607983
franchise4.0,FLD,48,5,21.12533983495193,38.39990857354397,19.199954286771984
franchise4.0,FLD,48,6,22.622332452890916,40.06946981587197,20.034734907935984
franchise4.0,FLD,48,7,24.724823868554473,41.73903105819996,20.86951552909998
franchise4.0,FLD,48,8,19.008084025930888,43.408592300527964,21.704296150263982
franchise4.0,FLD,48,9,21.09359164054395,45.078153542855965,22.539076771427982
franchise4.0,FLD,48,10,22.21678956867179,46.74771478518396,23.37385739259198
franchise4.0,FLD,48,11,23.938745026559765,48.41727602751195,24.208638013755976
franchise4.0,FLD,48,12,16.94101751792996,50.086837269839954,25.043418634919977
franchise4.0,FLD,48,13,19.728051794983763,51.75639851216796,25.87819925608398
franchise4.0,FLD,48,14,20.75330351061942,53.42595975449596,26.71297987724798
franchise4.0,FLD,48,15,23.36915512137868,55.09552099682396,27.54776049841198
franchise4.0,FLD,60,0,18.973211337036357,33.057312598094384,16.528656299047192
franchise4.0,FLD,60,1,21.325200087997608,34.893829964655176,17.446914982327588
franchise4.0,FLD,60,2,22.91007771644857,36.73034733121598,18.36517366560799
franchise4.0,FLD,60,3,25.25305222724063,38.56686469777677,19.283432348888386
franchise4.0,FLD,60,4,20.946810254253304,40.40338206433757,20.201691032168785
franchise4.0,FLD,60,5,23.237873818447127,42.23989943089837,21.119949715449184
franchise4.0,FLD,60,6,24.884565698180012,44.076416797459174,22.038208398729587
franchise4.0,FLD,60,7,27.197306255409924,45.912934164019966,22.956467082009983
franchise4.0,FLD,60,8,20.90889242852398,47.74945153058077,23.874725765290385
franchise4.0,FLD,60,9,23.20295080459835,49.58596889714157,24.792984448570785
franchise4.0,FLD,60,10,24.438468525538973,51.42248626370236,25.71124313185118
franchise4.0,FLD,60,11,26.332619529215744,53.25900363026316,26.62950181513158
franchise4.0,FLD,60,12,18.63511926972296,55.095520996823964,27.547760498411982
franchise4.0,FLD,60,13,21.70085697448214,56.93203836338476,28.46601918169238
franchise4.0,FLD,60,14,22.828633861681368,58.76855572994557,29.384277864972784
franchise4.0,FLD,60,15,25.70607063351655,60.605073096506366,30.302536548253183
franchise4.0,FLD,72,0,20.698048731312387,36.06252283428478,18.03126141714239
franchise4.0,FLD,72,1,23.263854641451935,38.06599632507837,19.032998162539187
franchise4.0,FLD,72,2,24.992812054307528,40.069469815871976,20.034734907935988
franchise4.0,FLD,72,3,27.54878424789887,42.072943306665564,21.036471653332782
franchise4.0,FLD,72,4,22.851065731912694,44.07641679745917,22.038208398729584
franchise4.0,FLD,72,5,25.350407801942318,46.07989028825276,23.03994514412638
franchise4.0,FLD,72,6,27.1467989434691,48.083363779046365,24.041681889523183
franchise4.0,FLD,72,7,29.66978864226537,50.08683726983996,25.04341863491998
franchise4.0,FLD,72,8,22.809700831117066,52.090310760633564,26.045155380316782
franchise4.0,FLD,72,9,25.31230996865274,54.09378425142716,27.04689212571358
franchise4.0,FLD,72,10,26.66014748240615,56.097257742220755,28.048628871110378
franchise4.0,FLD,72,11,28.72649403187172,58.10073123301435,29.050365616507175
franchise4.0,FLD,72,12,20.329221021515956,60.10420472380795,30.052102361903977
franchise4.0,FLD,72,13,23.673662153980516,62.107678214601556,31.053839107300778
franchise4.0,FLD,72,14,24.903964212743308,64.11115170539516,32.05557585269758
franchise4.0,FLD,72,15,28.042986145654417,66.11462519618875,33.05731259809438
franchise4.0,FRN,36,0,13.66573182781559,23.8100109090121,11.90500545450605
franchise4.0,FRN,36,1,15.359785984579966,25.132789292846105,12.566394646423053
franchise4.0,FRN,36,2,16.50131718167558,26.45556767668011,13.227783838340056
franchise4.0,FRN,36,3,18.18887870065738,27.778346060514114,13.889173030257057
franchise4.0,FRN,36,4,15.087245195228853,29.101124444348116,14.550562222174058
franchise4.0,FRN,36,5,16.737417098792474,30.423902828182122,15.211951414091061
franchise4.0,FRN,36,6,17.92347091075545,31.74668121201613,15.873340606008066
franchise4.0,FRN,36,7,19.589255984298706,33.069459595850134,16.534729797925067
franchise4.0,FRN,36,8,15.059934328939217,34.39223797968414,17.19611898984207
franchise4.0,FRN,36,9,16.712263289381998,35.715016363518146,17.857508181759073
franchise4.0,FRN,36,10,17.602162924344153,37.03779474735215,18.518897373676076
franchise4.0,FRN,36,11,18.966452774797997,38.36057313118616,19.18028656559308
franchise4.0,FRN,36,12,13.42221609171046,39.68335151502016,19.84167575751008
franchise4.0,FRN,36,13,15.630358328859334,41.00612989885417,20.503064949427085
franchise4.0,FRN,36,14,16.442656058974674,42.328908282688175,21.164454141344088
franchise4.0,FRN,36,15,18.51517180640835,43.65168666652218,21.82584333326109
franchise4.0,FRN,48,0,15.184146475350653,26.455567676680108,13.227783838340054
franchise4.0,FRN,48,1,17.066428871755516,27.92532143649567,13.962660718247834
franchise4.0,FRN,48,2,18.33479686852842,29.395075196311232,14.697537598155616
franchise4.0,FRN,48,3,20.209865222952644,30.86482895612679,15.432414478063395
franchise4.0,FRN,48,4,16.763605772476502,32.33458271594235,16.167291357971173
franchise4.0,FRN,48,5,18.597130109769413,33.804336475757914,16.902168237878957
franchise4.0,FRN,48,6,19.914967678617167,35.274090235573475,17.637045117786737
franchise4.0,FRN,48,7,21.765839982554116,36.743843995389035,18.371921997694518
franchise4.0,FRN,48,8,16.733260365488018,38.213597755204596,19.106798877602298
franchise4.0,FRN,48,9,18.569181432646662,39.68335151502016,19.84167575751008
franchise4.0,FRN,48,10,19.557958804826836,41.15310527483572,20.57655263741786
franchise4.0,FRN,48,11,21.073836416442216,42.62285903465128,21.31142951732564
franchise4.0,FRN,48,12,14.913573435233843,44.092612794466845,22.046306397233423
franchise4.0,FRN,48,13,17.367064809843704,45.562366554282406,22.781183277141203
franchise4.0,FRN,48,14,18.26961784330519,47.032120314097966,23.516060157048983
franchise4.0,FRN,48,15,20.5724131182315,48.50187407391353,24.250937036956763
franchise4.0,FRN,60,0,16.702561122885722,29.101124444348123,14.550562222174062
franchise4.0,FRN,60,1,18.77307175893107,30.717853580145242,15.358926790072621
franchise4.0,FRN,60,2,20.16827655538127,32.33458271594236,16.16729135797118
franchise4.0,FRN,60,3,22.23085174524791,33.951311851739476,16.975655925869738
franchise4.0,FRN,60,4,18.439966349724155,35.56804098753659,17.784020493768296
franchise4.0,FRN,60,5,20.45684312074636,37.18477012333371,18.592385061666857
franchise4.0,FRN,60,6,21.906464446478886,38.80149925913083,19.400749629565414
franchise4.0,FRN,60,7,23.942423980809533,40.418228394927944,20.209114197463972
franchise4.0,FRN,60,8,18.406586402036822,42.034957530725066,21.017478765362533
franchise4.0,FRN,60,9,20.426099575911334,43.65168666652219,21.825843333261094
franchise4.0,FRN,60,10,21.51375468530952,45.2684158023193,22.63420790115965
franchise4.0,FRN,60,11,23.181220058086442,46.88514493811641,23.442572469058206
franchise4.0,FRN,60,12,16.40493077875723,48.501874073913534,24.250937036956767
franchise4.0,FRN,60,13,19.103771290828075,50.118603209710656,25.059301604855328
franchise4.0,FRN,60,14,20.096579627635712,51.73533234550777,25.867666172753886
franchise4.0,FRN,60,15,22.629654430054654,53.352061481304894,26.676030740652447
franchise4.0,FRN,72,0,18.220975770420786,31.74668121201613,15.873340606008066
franchise4.0,FRN,72,1,20.479714646106622,33.510385723794805,16.755192861897402
franchise4.0,FRN,72,2,22.00175624223411,35.27409023557348,17.63704511778674
franchise4.0,FRN,72,3,24.251838267543175,37.03779474735215,18.518897373676076
franchise4.0,FRN,72,4,20.116326926971805,38.80149925913082,19.40074962956541
franchise4.0,FRN,72,5,22.3165561317233,40.5652037709095,20.28260188545475
franchise4.0,FRN,72,6,23.8979612143406,42.328908282688175,21.164454141344088
franchise4.0,FRN,72,7,26.119007979064943,44.092612794466845,22.046306397233423
franchise4.0,FRN,72,8,20.079912438585623,45.85631730624552,22.92815865312276
franchise4.0,FRN,72,9,22.283017719175998,47.6200218180242,23.8100109090121
franchise4.0,FRN,72,10,23.469550565792204,49.38372632980287,24.691863164901434
franchise4.0,FRN,72,11,25.28860369973066,51.14743084158154,25.57371542079077
franchise4.0,FRN,72,12,17.896288122280612,52.911135353360216,26.455567676680108
franchise4.0,FRN,72,13,20.840477771812445,54.67483986513889,27.337419932569446
franchise4.0,FRN,72,14,21.92354141196623,56.43854437691756,28.21927218845878
franchise4.0,FRN,72,15,24.6868957418778,58.20224888869624,29.10112444434812
franchise4.0,STG,36,0,13.94192941958621,24.291234143593343,12.145617071796671
franchise4.0,STG,36,1,15.670222041170664,25.64074715157075,12.820373575785375
franchise4.0,STG,36,2,16.83482468233831,26.990260159548157,13.495130079774079
franchise4.0,STG,36,3,18.556493443682267,28.33977316752556,14.16988658376278
franchise4.0,STG,36,4,15.392172940180885,29.68928617550297,14.844643087751486
franchise4.0,STG,36,5,17.075696405996307,31.03879918348038,15.51939959174019
franchise4.0,STG,36,6,18.285721506925146,32.388312191457786,16.194156095728893
franchise4.0,STG,36,7,19.98517369991118,33.73782519943519,16.868912599717596
franchise4.0,STG,36,8,15.364310095000299,35.08733820741261,17.543669103706304
franchise4.0,STG,36,9,17.0500342138903,36.436851215390014,18.218425607695007
franchise4.0,STG,36,10,17.95791957689036,37.786364223367414,18.893182111683707
franchise4.0,STG,36,11,19.349783038177513,39.13587723134482,19.56793861567241
franchise4.0,STG,36,12,13.69349199610144,40.485390239322236,20.242695119661118
franchise4.0,STG,36,13,15.946262912919419,41.83490324729964,20.91745162364982
franchise4.0,STG,36,14,16.77497796189374,43.18441625527705,21.592208127638525
franchise4.0,STG,36,15,18.88938124711612,44.53392926325446,22.26696463162723
franchise4.0,STG,48,0,15.491032688429119,26.990260159548157,13.495130079774079
franchise4.0,STG,48,1,17.41135782352296,28.48971905730083,14.244859528650416
franchise4.0,STG,48,2,18.705360758153677,29.989177955053506,14.994588977526753
franchise4.0,STG,48,3,20.61832604853585,31.488636852806177,15.744318426403089
franchise4.0,STG,48,4,17.10241437797876,32.988095750558855,16.494047875279428
franchise4.0,STG,48,5,18.972996006662562,34.48755464831153,17.243777324155765
franchise4.0,STG,48,6,20.317468341027936,35.987013546064205,17.993506773032102
franchise4.0,STG,48,7,22.205748555456864,37.48647244381688,18.74323622190844
franchise4.0,STG,48,8,17.071455661111443,38.98593134156956,19.49296567078478
franchise4.0,STG,48,9,18.94448245987811,40.485390239322236,20.242695119661118
franchise4.0,STG,48,10,19.953243974322625,41.9848491370749,20.99242456853745
franchise4.0,STG,48,11,21.499758931308342,43.48430803482758,21.74215401741379
franchise4.0,STG,48,12,15.214991106779376,44.98376693258026,22.49188346629013
franchise4.0,STG,48,13,17.718069903243798,46.483225830332934,23.241612915166467
franchise4.0,STG,48,14,18.638864402104154,47.98268472808561,23.991342364042804
franchise4.0,STG,48,15,20.988201385684576,49.48214362583828,24.74107181291914
franchise4.0,STG,60,0,17.040135957272035,29.68928617550298,14.84464308775149
franchise4.0,STG,60,1,19.152493605875257,31.33869096303092,15.66934548151546
franchise4.0,STG,60,2,20.57589683396905,32.98809575055886,16.49404787527943
franchise4.0,STG,60,3,22.680158653389437,34.6375005380868,17.3187502690434
franchise4.0,STG,60,4,18.812655815776637,36.28690532561475,18.143452662807373
franchise4.0,STG,60,5,20.87029560732882,37.93631011314269,18.968155056571344
franchise4.0,STG,60,6,22.349215175130738,39.58571490067063,19.792857450335315
franchise4.0,STG,60,7,24.426323411002556,41.23511968819857,20.617559844099286
franchise4.0,STG,60,8,18.778601227222588,42.88452447572652,21.44226223786326
franchise4.0,STG,60,9,20.838930705865923,44.533929263254464,22.266964631627232
franchise4.0,STG,60,10,21.94856837175489,46.1833340507824,23.0916670253912
franchise4.0,STG,60,11,23.649734824439182,47.83273883831034,23.91636941915517
franchise4.0,STG,60,12,16.736490217457316,49.48214362583829,24.741071812919145
franchise4.0,STG,60,13,19.48987689356818,51.13154841336623,25.565774206683116
franchise4.0,STG,60,14,20.502750842314573,52.780953200894174,26.390476600447087
franchise4.0,STG,60,15,23.087021524253036,54.43035798842212,27.21517899421106
franchise4.0,STG,72,0,18.589239226114945,32.38831219145779,16.194156095728896
franchise4.0,STG,72,1,20.893629388227552,34.187662868761,17.0938314343805
franchise4.0,STG,72,2,22.446432909784416,35.98701354606421,17.993506773032106
franchise4.0,STG,72,3,24.741991258243022,37.786364223367414,18.893182111683707
franchise4.0,STG,72,4,20.522897253574513,39.58571490067063,19.792857450335315
franchise4.0,STG,72,5,22.767595207995075,41.38506557797384,20.69253278898692
franchise4.0,STG,72,6,24.380962009233528,43.18441625527705,21.592208127638525
franchise4.0,STG,72,7,26.64689826654824,44.98376693258026,22.49188346629013
franchise4.0,STG,72,8,20.485746793333732,46.783117609883476,23.391558804941738
franchise4.0,STG,72,9,22.733378951853734,48.582468287186686,24.291234143593343
franchise4.0,STG,72,10,23.94389276918715,50.38181896448989,25.190909482244944
franchise4.0,STG,72,11,25.799710717570015,52.1811696417931,26.09058482089655
franchise4.0,STG,72,12,18.257989328135253,53.980520319096314,26.990260159548157
franchise4.0,STG,72,13,21.26168388389256,55.779870996399524,27.889935498199762
franchise4.0,STG,72,14,22.366637282524987,57.57922167370273,28.789610836851367
franchise4.0,STG,72,15,25.185841662821492,59.37857235100594,29.68928617550297
franchise4.0,STE,36,0,16.615220811830227,28.948950101603074,14.474475050801537
franchise4.0,STE,36,1,18.674904423105815,30.557225107247696,15.278612553623848
franchise4.0,STE,36,2,20.062813474908737,32.1655001128923,16.08275005644615
franchise4.0,STE,36,3,22.114603135697955,33.77377511853692,16.88688755926846
franchise4.0,STE,36,4,18.34354087431422,35.38205012418153,17.691025062090766
franchise4.0,STE,36,5,20.349871080456598,36.99032512982615,18.495162564913073
franchise4.0,STE,36,6,21.79191210897778,38.59860013547077,19.299300067735384
franchise4.0,STE,36,7,23.817225291667107,40.20687514111538,20.10343757055769
franchise4.0,STE,36,8,18.310335475607282,41.81515014676,20.90757507338
franchise4.0,STE,36,9,20.31928829843807,43.42342515240462,21.71171257620231
franchise4.0,STE,36,10,21.401255888726045,45.031700158049226,22.515850079024613
franchise4.0,STE,36,11,23.06000182361191,46.63997516369384,23.31998758184692
franchise4.0,STE,36,12,16.319146823439304,48.248250169338455,24.124125084669227
franchise4.0,STE,36,13,19.00387467529719,49.85652517498308,24.92826258749154
franchise4.0,STE,36,14,19.991491461640365,51.46480018062769,25.732400090313845
franchise4.0,STE,36,15,22.511320418734,53.073075186272305,26.536537593136153
franchise4.0,STE,48,0,18.461356457589137,32.1655001128923,16.08275005644615
franchise4.0,STE,48,1,20.749893803450902,33.952472341386326,16.976236170693163
franchise4.0,STE,48,2,22.292014972120814,35.73944456988034,17.86972228494017
franchise4.0,STE,48,3,24.571781261886617,37.52641679837435,18.763208399187175
franchise4.0,STE,48,4,20.38171208257135,39.313389026868364,19.656694513434182
franchise4.0,STE,48,5,22.610967867173997,41.10036125536239,20.550180627681193
franchise4.0,STE,48,6,24.213235676641975,42.8873334838564,21.4436667419282
franchise4.0,STE,48,7,26.463583657407895,44.67430571235042,22.33715285617521
franchise4.0,STE,48,8,20.344817195119198,46.46127794084444,23.23063897042222
franchise4.0,STE,48,9,22.57698699826452,48.24825016933846,24.12412508466923
franchise4.0,STE,48,10,23.779173209695603,50.03522239783247,25.017611198916235
franchise4.0,STE,48,11,25.622224248457673,51.822194626326485,25.911097313163243
franchise4.0,STE,48,12,18.132385359377,53.6091668548205,26.80458342741025
franchise4.0,STE,48,13,21.115416305885766,55.39613908331452,27.69806954165726
franchise4.0,STE,48,14,22.212768290711512,57.18311131180854,28.59155565590427
franchise4.0,STE,48,15,25.012578243037776,58.97008354030256,29.48504177015128
franchise4.0,STE,60,0,20.307492103348054,35.38205012418154,17.69102506209077
franchise4.0,STE,60,1,22.824883183795997,37.34771957552496,18.67385978776248
franchise4.0,STE,60,2,24.5212164693329,39.31338902686838,19.65669451343419
franchise4.0,STE,60,3,27.028959388075283,41.279058478211795,20.639529239105897
franchise4.0,STE,60,4,22.41988329082849,43.24472792955521,21.622363964777605
franchise4.0,STE,60,5,24.8720646538914,45.210397380898634,22.605198690449317
franchise4.0,STE,60,6,26.63455924430618,47.17606683224206,23.58803341612103
franchise4.0,STE,60,7,29.10994202314869,49.141736283585466,24.570868141792733
franchise4.0,STE,60,8,22.37929891463112,51.10740573492889,25.553702867464445
franchise4.0,STE,60,9,24.83468569809098,53.07307518627231,26.536537593136156
franchise4.0,STE,60,10,26.15709053066517,55.03874463761572,27.51937231880786
franchise4.0,STE,60,11,28.184446673303448,57.004414088959145,28.502207044479572
franchise4.0,STE,60,12,19.945623895314704,58.97008354030256,29.48504177015128
franchise4.0,STE,60,13,23.226957936474346,60.935752991645984,30.467876495822992
franchise4.0,STE,60,14,24.434045119782667,62.90142244298941,31.450711221494704
franchise4.0,STE,60,15,27.51383606734156,64.86709189433283,32.433545947166415
franchise4.0,STE,72,0,22.153627749106967,38.59860013547077,19.299300067735384
franchise4.0,STE,72,1,24.899872564141084,40.74296680966359,20.371483404831796
franchise4.0,STE,72,2,26.75041796654498,42.88733348385641,21.443666741928205
franchise4.0,STE,72,3,29.48613751426394,45.031700158049226,22.515850079024613
franchise4.0,STE,72,4,24.458054499085623,47.17606683224204,23.58803341612102
franchise4.0,STE,72,5,27.1331614406088,49.32043350643487,24.660216753217433
franchise4.0,STE,72,6,29.055882811970374,51.46480018062769,25.732400090313845
franchise4.0,STE,72,7,31.75630038888948,53.60916685482051,26.804583427410254
franchise4.0,STE,72,8,24.41378063414304,55.75353352901333,27.876766764506666
franchise4.0,STE,72,9,27.092384397917428,57.897900203206156,28.948950101603078
franchise4.0,STE,72,10,28.535007851634727,60.042266877398966,30.021133438699483
franchise4.0,STE,72,11,30.746669098149212,62.18663355159179,31.093316775795895
franchise4.0,STE,72,12,21.758862431252403,64.3310002257846,32.1655001128923
franchise4.0,STE,72,13,25.33849956706292,66.47536689997743,33.237683449988715
franchise4.0,STE,72,14,26.655321948853818,68.61973357417025,34.30986678708513
franchise4.0,STE,72,15,30.015093891645336,70.76410024836308,35.38205012418154
franchise4.0,MCY,36,0,13.292176649464178,23.159160081282458,11.579580040641229
franchise4.0,MCY,36,1,14.93992353848465,24.445780085798148,12.222890042899074
franchise4.0,MCY,36,2,16.050250779926987,25.732400090313845,12.866200045156923
franchise4.0,MCY,36,3,17.691682508558365,27.01902009482953,13.509510047414764
franchise4.0,MCY,36,4,14.674832699451372,28.305640099345226,14.152820049672613
franchise4.0,MCY,36,5,16.27989686436528,29.592260103860916,14.796130051930458
franchise4.0,MCY,36,6,17.433529687182222,30.878880108376613,15.439440054188307
franchise4.0,MCY,36,7,19.053780233333686,32.1655001128923,16.08275005644615
franchise4.0,MCY,36,8,14.648268380485826,33.452120117408,16.726060058704
franchise4.0,MCY,36,9,16.255430638750454,34.73874012192368,17.36937006096184
franchise4.0,MCY,36,10,17.121004710980834,36.02536012643938,18.01268006321969
franchise4.0,MCY,36,11,18.448001458889525,37.311980130955064,18.655990065477532
franchise4.0,MCY,36,12,13.055317458751441,38.59860013547076,19.29930006773538
franchise4.0,MCY,36,13,15.203099740237752,39.88522013998645,19.942610069993226
franchise4.0,MCY,36,14,15.993193169312292,41.17184014450215,20.585920072251074
franchise4.0,MCY,36,15,18.0090563349872,42.45846014901784,21.22923007450892
franchise4.0,MCY,48,0,14.769085166071308,25.732400090313842,12.866200045156921
franchise4.0,MCY,48,1,16.59991504276072,27.161977873109052,13.580988936554526
franchise4.0,MCY,48,2,17.83361197769665,28.59155565590427,14.295777827952135
franchise4.0,MCY,48,3,19.657425009509293,30.021133438699476,15.010566719349738
franchise4.0,MCY,48,4,16.30536966605708,31.450711221494693,15.725355610747346
franchise4.0,MCY,48,5,18.0887742937392,32.88028900428991,16.440144502144953
franchise4.0,MCY,48,6,19.37058854131358,34.30986678708512,17.15493339354256
franchise4.0,MCY,48,7,21.170866925926315,35.739444569880334,17.869722284940167
franchise4.0,MCY,48,8,16.275853756095362,37.16902235267555,18.584511176337774
franchise4.0,MCY,48,9,18.061589598611615,38.59860013547076,19.29930006773538
franchise4.0,MCY,48,10,19.023338567756483,40.02817791826597,20.014088959132984
franchise4.0,MCY,48,11,20.497779398766138,41.45775570106118,20.72887785053059
franchise4.0,MCY,48,12,14.5059082875016,42.8873334838564,21.4436667419282
franchise4.0,MCY,48,13,16.89233304470861,44.31691126665161,22.158455633325804
franchise4.0,MCY,48,14,17.77021463256921,45.74648904944683,22.873244524723415
franchise4.0,MCY,48,15,20.01006259443022,47.176066832242036,23.588033416121018
franchise4.0,MCY,60,0,16.245993682678442,28.30564009934523,14.152820049672615
franchise4.0,MCY,60,1,18.259906547036795,29.878175660419963,14.939087830209981
franchise4.0,MCY,60,2,19.616973175466317,31.450711221494704,15.725355610747352
franchise4.0,MCY,60,3,21.623167510460224,33.02324678256943,16.511623391284715
franchise4.0,MCY,60,4,17.93590663266279,34.59578234364417,17.297891171822084
franchise4.0,MCY,60,5,19.89765172311312,36.1683179047189,18.08415895235945
franchise4.0,MCY,60,6,21.30764739544494,37.74085346579364,18.87042673289682
franchise4.0,MCY,60,7,23.28795361851895,39.31338902686837,19.656694513434186
franchise4.0,MCY,60,8,17.9034391317049,40.88592458794311,20.442962293971554
franchise4.0,MCY,60,9,19.86774855847278,42.458460149017846,21.229230074508923
franchise4.0,MCY,60,10,20.92567242453213,44.030995710092576,22.015497855046288
franchise4.0,MCY,60,11,22.547557338642754,45.603531271167306,22.801765635583653
franchise4.0,MCY,60,12,15.956499116251763,47.17606683224205,23.588033416121025
franchise4.0,MCY,60,13,18.581566349179475,48.74860239331678,24.37430119665839
franchise4.0,MCY,60,14,19.547236095826136,50.32113795439152,25.16056897719576
franchise4.0,MCY,60,15,22.011068853873248,51.893673515466254,25.946836757733127
franchise4.0,MCY,72,0,17.72290219928557,30.878880108376613,15.439440054188307
franchise4.0,MCY,72,1,19.919898051312867,32.59437344773087,16.297186723865433
franchise4.0,MCY,72,2,21.40033437323598,34.30986678708513,17.154933393542564
franchise4.0,MCY,72,3,23.58891001141115,36.025360126439374,18.012680063219687
franchise4.0,MCY,72,4,19.566443599268496,37.740853465793634,18.870426732896817
franchise4.0,MCY,72,5,21.70652915248704,39.45634680514789,19.728173402573944
franchise4.0,MCY,72,6,23.244706249576296,41.17184014450215,20.585920072251074
franchise4.0,MCY,72,7,25.40504031111158,42.8873334838564,21.4436667419282
franchise4.0,MCY,72,8,19.531024507314434,44.60282682321066,22.30141341160533
franchise4.0,MCY,72,9,21.67390751833394,46.318320162564916,23.159160081282458
franchise4.0,MCY,72,10,22.82800628130778,48.03381350191917,24.016906750959585
franchise4.0,MCY,72,11,24.597335278519367,49.74930684127342,24.87465342063671
franchise4.0,MCY,72,12,17.40708994500192,51.464800180627684,25.732400090313842
franchise4.0,MCY,72,13,20.270799653650336,53.18029351998194,26.59014675999097
franchise4.0,MCY,72,14,21.324257559083055,54.8957868593362,27.4478934296681
franchise4.0,MCY,72,15,24.012075113316268,56.61128019869045,28.305640099345226
franchise4.1,AN,36,0,11.651902793883158,25.7635431971846,12.8817715985923
franchise4.1,AN,36,1,13.083844443025992,27.194851152583745,13.597425576291872
franchise4.1,AN,36,2,14.077789627200719,28.62615910798289,14.313079553991445
franchise4.1,AN,36,3,15.236408294084391,30.057467063382035,15.028733531691017
franchise4.1,AN,36,4,13.7977201026917,31.488775018781176,15.744387509390588
franchise4.1,AN,36,5,15.755513785472376,32.920082974180325,16.460041487090162
franchise4.1,AN,36,6,16.156604197124125,34.351390929579466,17.175695464789733
franchise4.1,AN,36,7,17.036512595319223,35.78269888497861,17.891349442489304
franchise4.1,AN,36,8,15.733880217992166,37.21400684037776,18.60700342018888
franchise4.1,AN,36,9,16.51320433990674,38.6453147957769,19.32265739788845
franchise4.1,AN,36,10,17.569222424692462,40.076622751176046,20.038311375588023
franchise4.1,AN,36,11,18.982033709779834,41.50793070657519,20.753965353287594
franchise4.1,AN,36,12,17.107037488670237,42.939238661974336,21.469619330987168
franchise4.1,AN,36,13,18.069310768807334,44.37054661737348,22.18527330868674
franchise4.1,AN,36,14,20.93059138996353,45.801854572772626,22.900927286386313
franchise4.1,AN,36,15,21.396703574025462,47.23316252817177,23.616581264085884
franchise4.1,AN,48,0,12.946558659870176,28.626159107982886,14.313079553991443
franchise4.1,AN,48,1,14.537604936695546,30.216501280648604,15.108250640324302
franchise4.1,AN,48,2,15.641988474667464,31.80684345331432,15.90342172665716
franchise4.1,AN,48,3,16.929342548982653,33.397185625980036,16.698592812990018
franchise4.1,AN,48,4,15.330800114101889,34.98752779864574,17.49376389932287
franchise4.1,AN,48,5,17.50612642830264,36.57786997131147,18.288934985655736
franchise4.1,AN,48,6,17.951782441249026,38.168212143977186,19.084106071988593
franchise4.1,AN,48,7,18.92945843924358,39.75855431664289,19.879277158321447
franchise4.1,AN,48,8,17.482089131102406,41.348896489308615,20.674448244654307
franchise4.1,AN,48,9,18.348004822118597,42.93923866197433,21.469619330987165
franchise4.1,AN,48,10,19.52135824965829,44.52958083464004,22.26479041732002
franchise4.1,AN,48,11,21.091148566422035,46.119923007305765,23.059961503652882
franchise4.1,AN,48,12,19.00781943185582,47.71026517997148,23.85513258998574
franchise4.1,AN,48,13,20.077011965341477,49.300607352637186,24.650303676318593
franchise4.1,AN,48,14,23.256212655515032,50.890949525302915,25.445474762651457
franchise4.1,AN,48,15,23.774115082250514,52.48129169796863,26.240645848984315
franchise4.1,AN,60,0,14.241214525857195,31.48877501878118,15.74438750939059
franchise4.1,AN,60,1,15.991365430365102,33.23815140871347,16.619075704356735
franchise4.1,AN,60,2,17.206187322134213,34.98752779864576,17.49376389932288
franchise4.1,AN,60,3,18.622276803880922,36.736904188578045,18.368452094289022
franchise4.1,AN,60,4,16.86388012551208,38.486280578510325,19.243140289255162
franchise4.1,AN,60,5,19.256739071132905,40.23565696844262,20.11782848422131
franchise4.1,AN,60,6,19.74696068537393,41.98503335837491,20.992516679187457
franchise4.1,AN,60,7,20.82240428316794,43.73440974830719,21.867204874153597
franchise4.1,AN,60,8,19.23029804421265,45.48378613823949,22.741893069119744
franchise4.1,AN,60,9,20.18280530433046,47.23316252817177,23.616581264085884
franchise4.1,AN,60,10,21.47349407462412,48.982538918104055,24.491269459052027
franchise4.1,AN,60,11,23.200263423064243,50.73191530803635,25.365957654018175
franchise4.1,AN,60,12,20.908601375041403,52.481291697968636,26.240645848984318
franchise4.1,AN,60,13,22.08471316187563,54.230668087900916,27.115334043950458
franchise4.1,AN,60,14,25.58183392106654,55.98004447783321,27.990022238916605
franchise4.1,AN,60,15,26.15152659047557,57.7294208677655,28.86471043388275
franchise4.1,AN,72,0,15.535870391844211,34.351390929579466,17.175695464789733
franchise4.1,AN,72,1,17.445125924034656,36.259801536778326,18.129900768389163
franchise4.1,AN,72,2,18.770386169600958,38.168212143977186,19.084106071988593
franchise4.1,AN,72,3,20.315211058779187,40.076622751176046,20.038311375588023
franchise4.1,AN,72,4,18.396960136922267,41.9850333583749,20.99251667918745
franchise4.1,AN,72,5,21.007351713963168,43.893443965573766,21.946721982786883
franchise4.1,AN,72,6,21.542138929498833,45.801854572772626,22.900927286386313
franchise4.1,AN,72,7,22.715350127092297,47.71026517997148,23.85513258998574
franchise4.1,AN,72,8,20.97850695732289,49.618675787170346,24.809337893585173
franchise4.1,AN,72,9,22.01760578654232,51.5270863943692,25.7635431971846
franchise4.1,AN,72,10,23.42562989958995,53.43549700156806,26.71774850078403
franchise4.1,AN,72,11,25.309378279706443,55.34390760876692,27.67195380438346
franchise4.1,AN,72,12,22.809383318226985,57.25231821596578,28.62615910798289
franchise4.1,AN,72,13,24.092414358409776,59.16072882316463,29.580364411582316
franchise4.1,AN,72,14,27.90745518661804,61.0691394303635,30.53456971518175
franchise4.1,AN,72,15,28.528938098700618,62.97755003756236,31.48877501878118
franchise4.1,ENT,36,0,13.553273838596333,29.96766812947118,14.98383406473559
franchise4.1,ENT,36,1,15.218881390859153,31.63253858110847,15.816269290554235
franchise4.1,ENT,36,2,16.37501970577421,33.297409032745755,16.648704516372877
franchise4.1,ENT,36,3,17.722703113760364,34.962279484383046,17.481139742191523
franchise4.1,ENT,36,4,16.04924811063965,36.62714993602033,18.313574968010165
franchise4.1,ENT,36,5,18.32651684275868,38.29202038765762,19.14601019382881
franchise4.1,ENT,36,6,18.79305765410198,39.956890839294914,19.978445419647457
franchise4.1,ENT,36,7,19.816550527719098,41.6217612909322,20.8108806454661
franchise4.1,ENT,36,8,18.301353084585298,43.28663174256949,21.643315871284745
franchise4.1,ENT,36,9,19.207848222776523,44.951502194206775,22.475751097103387
franchise4.1,ENT,36,10,20.43618856639186,46.616372645844066,23.308186322922033
franchise4.1,ENT,36,11,22.079544039551184,48.28124309748135,24.140621548740675
franchise4.1,ENT,36,12,19.898583755161223,49.94611354911864,24.97305677455932
franchise4.1,ENT,36,13,21.0178819079152,51.61098400075593,25.805492000377964
franchise4.1,ENT,36,14,24.346069627431444,53.27585445239321,26.637927226196606
franchise4.1,ENT,36,15,24.888242539602835,54.9407249040305,27.47036245201525
franchise4.1,ENT,48,0,15.059193153995924,33.297409032745755,16.648704516372877
franchise4.1,ENT,48,1,16.909868212065724,35.14726509012052,17.57363254506026
franchise4.1,ENT,48,2,18.194466339749123,36.99712114749528,18.49856057374764
franchise4.1,ENT,48,3,19.691892348622627,38.84697720487005,19.423488602435025
franchise4.1,ENT,48,4,17.83249790071072,40.69683326224481,20.348416631122404
franchise4.1,ENT,48,5,20.362796491954086,42.54668931961958,21.27334465980979
franchise4.1,ENT,48,6,20.881175171224417,44.39654537699435,22.198272688497173
franchise4.1,ENT,48,7,22.01838947524344,46.246401434369105,23.123200717184552
franchise4.1,ENT,48,8,20.33483676065033,48.09625749174387,24.048128745871935
franchise4.1,ENT,48,9,21.3420535808628,49.946113549118635,24.973056774559318
franchise4.1,ENT,48,10,22.706876184879842,51.7959696064934,25.8979848032467
franchise4.1,ENT,48,11,24.532826710612426,53.64582566386816,26.82291283193408
franchise4.1,ENT,48,12,22.10953750573469,55.49568172124293,27.747840860621466
franchise4.1,ENT,48,13,23.353202119905774,57.34553777861769,28.672768889308845
franchise4.1,ENT,48,14,27.051188474923823,59.195393835992455,29.597696917996227
franchise4.1,ENT,48,15,27.65360282178093,61.04524989336723,30.522624946683614
franchise4.1,ENT,60,0,16.56511246939552,36.62714993602033,18.313574968010165
franchise4.1,ENT,60,1,18.6008550332723,38.66199159913258,19.33099579956629
franchise4.1,ENT,60,2,20.01391297372404,40.696833262244816,20.348416631122408
franchise4.1,ENT,60,3,21.661081583484894,42.73167492535706,21.36583746267853
franchise4.1,ENT,60,4,19.615747690781795,44.7665165884693,22.38325829423465
franchise4.1,ENT,60,5,22.399076141149497,46.80135825158155,23.400679125790774
franchise4.1,ENT,60,6,22.96929268834686,48.836199914693786,24.418099957346893
franchise4.1,ENT,60,7,24.220228422767786,50.871041577806025,25.435520788903013
franchise4.1,ENT,60,8,22.368320436715365,52.90588324091827,26.452941620459136
franchise4.1,ENT,60,9,23.476258938949087,54.9407249040305,27.47036245201525
franchise4.1,ENT,60,10,24.97756380336783,56.97556656714275,28.487783283571375
franchise4.1,ENT,60,11,26.98610938167367,59.01040823025499,29.505204115127494
franchise4.1,ENT,60,12,24.320491256308163,61.045249893367235,30.522624946683617
franchise4.1,ENT,60,13,25.68852233189636,63.08009155647947,31.540045778239737
franchise4.1,ENT,60,14,29.756307322416212,65.1149332195917,32.55746660979585
franchise4.1,ENT,60,15,30.418963103959026,67.14977488270395,33.574887441351976
franchise4.1,ENT,72,0,18.07103178479511,39.95689083929491,19.978445419647453
franchise4.1,ENT,72,1,20.29184185447887,42.17671810814463,21.088359054072313
franchise4.1,ENT,72,2,21.83335960769895,44.39654537699434,22.19827268849717
franchise4.1,ENT,72,3,23.630270818347153,46.616372645844066,23.308186322922033
franchise4.1,ENT,72,4,21.398997480852866,48.83619991469378,24.41809995734689
franchise4.1,ENT,72,5,24.435355790344904,51.0560271835435,25.52801359177175
franchise4.1,ENT,72,6,25.057410205469303,53.27585445239322,26.63792722619661
franchise4.1,ENT,72,7,26.42206737029213,55.49568172124293,27.747840860621466
franchise4.1,ENT,72,8,24.401804112780397,57.71550899009265,28.857754495046326
franchise4.1,ENT,72,9,25.610464297035364,59.935336258942364,29.967668129471182
franchise4.1,ENT,72,10,27.248251421855812,62.155163527792084,31.077581763896042
franchise4.1,ENT,72,11,29.439392052734913,64.3749907966418,32.1874953983209
franchise4.1,ENT,72,12,26.53144500688163,66.59481806549152,33.29740903274576
franchise4.1,ENT,72,13,28.023842543886932,68.81464533434124,34.40732266717062
franchise4.1,ENT,72,14,32.46142616990859,71.03447260319095,35.517236301595474
franchise4.1,ENT,72,15,33.184323386137116,73.25429987204068,36.62714993602034
franchise4.1,FLD,36,0,12.668764213812015,28.011927309317823,14.005963654658911
franchise4.1,FLD,36,1,14.225671393852263,29.568145493168814,14.784072746584407
franchise4.1,FLD,36,2,15.30635816257247,31.124363677019804,15.562181838509902
franchise4.1,FLD,36,3,16.566089466902955,32.680581860870795,16.340290930435398
franchise4.1,FLD,36,4,15.001846973949974,34.23680004472178,17.11840002236089
franchise4.1,FLD,36,5,17.130497288425616,35.79301822857278,17.89650911428639
franchise4.1,FLD,36,6,17.566590855589972,37.349236412423764,18.674618206211882
franchise4.1,FLD,36,7,18.52328884935788,38.90545459627475,19.452727298137376
franchise4.1,FLD,36,8,17.106975759765575,40.46167278012575,20.230836390062876
franchise4.1,FLD,36,9,17.95431148864368,42.01789096397673,21.008945481988366
franchise4.1,FLD,36,10,19.102488259281937,43.57410914782773,21.787054573913863
franchise4.1,FLD,36,11,20.638595568620353,45.130327331678714,22.565163665839357
franchise4.1,FLD,36,12,18.59996844932307,46.68654551552971,23.343272757764854
franchise4.1,FLD,36,13,19.646219307312386,48.24276369938069,24.121381849690344
franchise4.1,FLD,36,14,22.757203854660894,49.79898188323168,24.89949094161584
franchise4.1,FLD,36,15,23.263993643549757,51.35520006708268,25.67760003354134
franchise4.1,FLD,48,0,14.076404682013349,31.1243636770198,15.5621818385099
franchise4.1,FLD,48,1,15.806301548724734,32.85349499240979,16.426747496204896
franchise4.1,FLD,48,2,17.00706462508052,34.58262630779978,17.29131315389989
franchise4.1,FLD,48,3,18.406766074336616,36.31175762318977,18.155878811594885
franchise4.1,FLD,48,4,16.668718859944413,38.040888938579755,19.020444469289878
franchise4.1,FLD,48,5,19.03388587602846,39.77002025396975,19.885010126984874
franchise4.1,FLD,48,6,19.518434283988856,41.49915156935974,20.74957578467987
franchise4.1,FLD,48,7,20.581432054842086,43.228282884749724,21.614141442374862
franchise4.1,FLD,48,8,19.00775084418397,44.957414200139716,22.478707100069858
franchise4.1,FLD,48,9,19.949234987381864,46.6865455155297,23.34327275776485
franchise4.1,FLD,48,10,21.224986954757707,48.41567683091969,24.207838415459847
franchise4.1,FLD,48,11,22.931772854022615,50.14480814630968,25.07240407315484
franchise4.1,FLD,48,12,20.66663161035897,51.87393946169967,25.936969730849835
franchise4.1,FLD,48,13,21.829132563680425,53.603070777089656,26.801535388544828
franchise4.1,FLD,48,14,25.285782060734327,55.33220209247964,27.66610104623982
franchise4.1,FLD,48,15,25.848881826166394,57.06133340786963,28.530666703934816
franchise4.1,FLD,60,0,15.484045150214685,34.23680004472179,17.118400022360895
franchise4.1,FLD,60,1,17.38693170359721,36.13884449165077,18.069422245825386
franchise4.1,FLD,60,2,18.707771087588576,38.04088893857976,19.02044446928988
franchise4.1,FLD,60,3,20.24744268177028,39.94293338550875,19.971466692754376
franchise4.1,FLD,60,4,18.33559074593886,41.844977832437735,20.922488916218867
franchise4.1,FLD,60,5,20.93727446363131,43.74702227936673,21.873511139683366
franchise4.1,FLD,60,6,21.470277712387745,45.64906672629572,22.82453336314786
franchise4.1,FLD,60,7,22.6395752603263,47.551111173224704,23.775555586612352
franchise4.1,FLD,60,8,20.908525928602373,49.453155620153694,24.726577810076847
franchise4.1,FLD,60,9,21.944158486120052,51.35520006708268,25.67760003354134
franchise4.1,FLD,60,10,23.34748565023348,53.25724451401167,26.628622257005834
franchise4.1,FLD,60,11,25.22495013942488,55.15928896094066,27.57964448047033
franchise4.1,FLD,60,12,22.73329477139487,57.06133340786965,28.530666703934823
franchise4.1,FLD,60,13,24.01204582004847,58.96337785479863,29.481688927399315
franchise4.1,FLD,60,14,27.814360266807764,60.86542230172762,30.43271115086381
franchise4.1,FLD,60,15,28.43377000878304,62.76746674865661,31.383733374328305
franchise4.1,FLD,72,0,16.89168561841602,37.349236412423764,18.674618206211882
franchise4.1,FLD,72,1,18.967561858469683,39.42419399089175,19.712096995445876
franchise4.1,FLD,72,2,20.408477550096627,41.49915156935974,20.74957578467987
franchise4.1,FLD,72,3,22.08811928920394,43.57410914782773,21.787054573913863
franchise4.1,FLD,72,4,20.002462631933298,45.64906672629571,22.824533363147854
franchise4.1,FLD,72,5,22.840663051234156,47.7240243047637,23.86201215238185
franchise4.1,FLD,72,6,23.42212114078663,49.79898188323169,24.899490941615845
franchise4.1,FLD,72,7,24.697718465810507,51.87393946169967,25.936969730849835
franchise4.1,FLD,72,8,22.809301013020768,53.948897040167665,26.974448520083833
franchise4.1,FLD,72,9,23.939081984858237,56.023854618635646,28.011927309317823
franchise4.1,FLD,72,10,25.46998434570925,58.09881219710363,29.049406098551817
franchise4.1,FLD,72,11,27.51812742482714,60.17376977557162,30.08688488778581
franchise4.1,FLD,72,12,24.799957932430765,62.24872735403961,31.124363677019804
franchise4.1,FLD,72,13,26.194959076416513,64.32368493250759,32.161842466253795
franchise4.1,FLD,72,14,30.342938472881194,66.39864251097558,33.19932125548779
franchise4.1,FLD,72,15,31.018658191399677,68.47360008944356,34.23680004472178
franchise4.1,FRN,36,0,11.152609058834996,24.659553922767557,12.329776961383779
franchise4.1,FRN,36,1,12.523190816205743,26.02952914069909,13.014764570349545
franchise4.1,FRN,36,2,13.474544621768878,27.399504358630615,13.699752179315308
franchise4.1,FRN,36,3,14.583515514214492,28.76947957656215,14.384739788281076
franchise4.1,FRN,36,4,13.206476309545863,30.13945479449368,15.06972739724684
franchise4.1,FRN,36,5,15.08037690313578,31.509430012425213,15.754715006212606
franchise4.1,FRN,36,6,15.464280256736313,32.879405230356745,16.439702615178373
franchise4.1,FRN,36,7,16.30648384753586,34.24938044828827,17.124690224144135
franchise4.1,FRN,36,8,15.05967035203227,35.6193556662198,17.8096778331099
franchise4.1,FRN,36,9,15.805599786527365,36.989330884151336,18.494665442075668
franchise4.1,FRN,36,10,16.816366617233978,38.35930610208287,19.179653051041434
franchise4.1,FRN,36,11,18.168637762575266,39.729281320014394,19.864640660007197
franchise4.1,FRN,36,12,16.37398669049408,41.09925653794593,20.549628268972963
franchise4.1,FRN,36,13,17.29502575947478,42.46923175587746,21.23461587793873
franchise4.1,FRN,36,14,20.03369812396856,43.83920697380899,21.919603486904496
franchise4.1,FRN,36,15,20.479837012900195,45.209182191740524,22.604591095870262
franchise4.1,FRN,48,0,12.391787843149993,27.39950435863062,13.69975217931531
franchise4.1,FRN,48,1,13.914656462450823,28.921699045221207,14.460849522610603
franchise4.1,FRN,48,2,14.971716246409864,30.443893731811794,15.221946865905897
franchise4.1,FRN,48,3,16.20390612690499,31.96608841840239,15.983044209201195
franchise4.1,FRN,48,4,14.67386256616207,33.48828310499297,16.744141552496487
franchise4.1,FRN,48,5,16.755974336817534,35.01047779158357,17.505238895791784
franchise4.1,FRN,48,6,17.1825336185959,36.532672478174156,18.266336239087078
franchise4.1,FRN,48,7,18.118315386150954,38.054867164764744,19.027433582382372
franchise4.1,FRN,48,8,16.73296705781363,39.57706185135534,19.78853092567767
franchise4.1,FRN,48,9,17.56177754058596,41.09925653794593,20.549628268972963
franchise4.1,FRN,48,10,18.68485179692664,42.62145122453652,21.31072561226826
franchise4.1,FRN,48,11,20.187375291750293,44.1436459111271,22.07182295556355
franchise4.1,FRN,48,12,18.193318544993417,45.6658405977177,22.83292029885885
franchise4.1,FRN,48,13,19.21669528830531,47.188035284308285,23.594017642154142
franchise4.1,FRN,48,14,22.259664582187284,48.71022997089887,24.355114985449436
franchise4.1,FRN,48,15,22.755374458777993,50.23242465748947,25.116212328744734
franchise4.1,FRN,60,0,13.630966627464996,30.139454794493687,15.069727397246844
franchise4.1,FRN,60,1,15.30612210869591,31.813868949743334,15.906934474871667
franchise4.1,FRN,60,2,16.468887871050853,33.48828310499298,16.74414155249649
franchise4.1,FRN,60,3,17.824296739595493,35.16269726024263,17.581348630121315
franchise4.1,FRN,60,4,16.14124882277828,36.83711141549228,18.41855570774614
franchise4.1,FRN,60,5,18.43157177049929,38.51152557074193,19.255762785370965
franchise4.1,FRN,60,6,18.900786980455496,40.18593972599158,20.09296986299579
franchise4.1,FRN,60,7,19.93014692476605,41.860353881241224,20.930176940620612
franchise4.1,FRN,60,8,18.406263763595,43.53476803649088,21.76738401824544
franchise4.1,FRN,60,9,19.31795529464456,45.209182191740524,22.604591095870262
franchise4.1,FRN,60,10,20.55333697661931,46.88359634699018,23.44179817349509
franchise4.1,FRN,60,11,22.206112820925327,48.55801050223982,24.27900525111991
franchise4.1,FRN,60,12,20.012650399492763,50.232424657489474,25.116212328744737
franchise4.1,FRN,60,13,21.13836481713584,51.90683881273912,25.95341940636956
franchise4.1,FRN,60,14,24.485631040406016,53.581252967988775,26.790626483994387
franchise4.1,FRN,60,15,25.030911904655795,55.255667123238425,27.627833561619212
franchise4.1,FRN,72,0,14.870145411779994,32.879405230356745,16.439702615178373
franchise4.1,FRN,72,1,16.69758775494099,34.70603885426545,17.353019427132725
franchise4.1,FRN,72,2,17.966059495691837,36.532672478174156,18.266336239087078
franchise4.1,FRN,72,3,19.44468735228599,38.35930610208287,19.179653051041434
franchise4.1,FRN,72,4,17.608635079394485,40.185939725991574,20.092969862995787
franchise4.1,FRN,72,5,20.10716920418104,42.012573349900286,21.006286674950143
franchise4.1,FRN,72,6,20.619040342315085,43.83920697380899,21.919603486904496
franchise4.1,FRN,72,7,21.741978463381145,45.6658405977177,22.83292029885885
franchise4.1,FRN,72,8,20.07956046937636,47.49247422162641,23.746237110813205
franchise4.1,FRN,72,9,21.074133048703153,49.319107845535115,24.659553922767557
franchise4.1,FRN,72,10,22.421822156311972,51.14574146944383,25.572870734721914
franchise4.1,FRN,72,11,24.224850350100354,52.972375093352525,26.486187546676263
franchise4.1,FRN,72,12,21.831982253992102,54.79900871726124,27.39950435863062
franchise4.1,FRN,72,13,23.060034345966372,56.62564234116994,28.31282117058497
franchise4.1,FRN,72,14,26.711597498624744,58.452275965078655,29.226137982539328
franchise4.1,FRN,72,15,27.306449350533594,60.27890958898737,30.139454794493684
franchise4.1,STG,36,0,11.378014020883176,25.157947239234,12.578973619617
franchise4.1,STG,36,1,12.776296554581176,26.555610974747005,13.277805487373502
franchise4.1,STG,36,2,13.746878136111897,27.953274710260004,13.976637355130002
franchise4.1,STG,36,3,14.878262397537412,29.350938445773004,14.675469222886502
franchise4.1,STG,36,4,13.473391905317168,30.748602181286003,15.374301090643002
franchise4.1,STG,36,5,15.385165833294753,32.146265916799,16.0731329583995
franchise4.1,STG,36,6,15.776828243129753,33.54392965231201,16.771964826156005
franchise4.1,STG,36,7,16.636053579013296,34.94159338782501,17.470796693912504
franchise4.1,STG,36,8,15.364040782866017,36.33925712333801,18.169628561669004
franchise4.1,STG,36,9,16.12504616909456,37.736920858851,18.8684604294255
franchise4.1,STG,36,10,17.1562415701844,39.13458459436401,19.567292297182004
franchise4.1,STG,36,11,18.535843416762184,40.53224832987701,20.266124164938503
franchise4.1,STG,36,12,16.70492071939061,41.929912065390006,20.964956032695003
franchise4.1,STG,36,13,17.64457487433849,43.327575800903006,21.663787900451503
franchise4.1,STG,36,14,20.438598442942848,44.725239536416005,22.362619768208003
franchise4.1,STG,36,15,20.893754228171787,46.12290327192901,23.061451635964506
franchise4.1,STG,48,0,12.642237800981306,27.95327471026,13.97663735513
franchise4.1,STG,48,1,14.19588506064575,29.506234416385556,14.753117208192778
franchise4.1,STG,48,2,15.27430904012433,31.059194122511112,15.529597061255556
franchise4.1,STG,48,3,16.531402663930457,32.61215382863667,16.306076914318336
franchise4.1,STG,48,4,14.970435450352408,34.16511353476222,17.08255676738111
franchise4.1,STG,48,5,17.094628703660835,35.718073240887776,17.859036620443888
franchise4.1,STG,48,6,17.529809159033057,37.27103294701334,18.63551647350667
franchise4.1,STG,48,7,18.484503976681438,38.823992653138895,19.411996326569447
franchise4.1,STG,48,8,17.071156425406684,40.37695235926445,20.188476179632225
franchise4.1,STG,48,9,17.91671796566062,41.92991206539,20.964956032695
franchise4.1,STG,48,10,19.062490633538218,43.48287177151556,21.74143588575778
franchise4.1,STG,48,11,20.5953815741802,45.03583147764111,22.517915738820555
franchise4.1,STG,48,12,18.56102302154512,46.588791183766666,23.294395591883333
franchise4.1,STG,48,13,19.60508319370943,48.14175088989222,24.07087544494611
franchise4.1,STG,48,14,22.70955382549205,49.69471059601778,24.84735529800889
franchise4.1,STG,48,15,23.215282475746427,51.24767030214334,25.62383515107167
franchise4.1,STG,60,0,13.906461581079439,30.748602181286003,15.374301090643002
franchise4.1,STG,60,1,15.615473566710328,32.456857858024115,16.228428929012058
franchise4.1,STG,60,2,16.801739944136767,34.16511353476223,17.082556767381114
franchise4.1,STG,60,3,18.184542930323506,35.87336921150034,17.93668460575017
franchise4.1,STG,60,4,16.46747899538765,37.58162488823845,18.790812444119226
franchise4.1,STG,60,5,18.804091574026923,39.28988056497656,19.64494028248828
franchise4.1,STG,60,6,19.282790074936365,40.99813624171468,20.49906812085734
franchise4.1,STG,60,7,20.332954374349587,42.70639191845279,21.353195959226394
franchise4.1,STG,60,8,18.778272067947356,44.4146475951909,22.20732379759545
franchise4.1,STG,60,9,19.708389762226684,46.122903271929005,23.061451635964502
franchise4.1,STG,60,10,20.968739696892044,47.831158948667124,23.915579474333562
franchise4.1,STG,60,11,22.654919731598227,49.53941462540523,24.769707312702614
franchise4.1,STG,60,12,20.417125323699636,51.24767030214335,25.623835151071674
franchise4.1,STG,60,13,21.565591513080374,52.95592597888145,26.477962989440726
franchise4.1,STG,60,14,24.98050920804126,54.664181655619565,27.332090827809782
franchise4.1,STG,60,15,25.536810723321075,56.372437332357684,28.186218666178842
franchise4.1,STG,72,0,15.170685361177568,33.543929652312,16.771964826156
franchise4.1,STG,72,1,17.035062072774902,35.40748129966267,17.703740649831335
franchise4.1,STG,72,2,18.329170848149197,37.27103294701334,18.63551647350667
franchise4.1,STG,72,3,19.83768319671655,39.13458459436401,19.567292297182004
franchise4.1,STG,72,4,17.96452254042289,40.99813624171467,20.499068120857334
franchise4.1,STG,72,5,20.513554444393005,42.86168788906534,21.43084394453267
franchise4.1,STG,72,6,21.03577099083967,44.72523953641601,22.362619768208006
franchise4.1,STG,72,7,22.18140477201773,46.58879118376667,23.294395591883337
franchise4.1,STG,72,8,20.485387710488023,48.45234283111734,24.22617141555867
franchise4.1,STG,72,9,21.500061558792744,50.315894478468,25.157947239234
franchise4.1,STG,72,10,22.874988760245863,52.17944612581868,26.08972306290934
franchise4.1,STG,72,11,24.714457889016245,54.04299777316934,27.02149888658467
franchise4.1,STG,72,12,22.273227625854148,55.90654942052001,27.953274710260004
franchise4.1,STG,72,13,23.526099832451315,57.77010106787067,28.885050533935335
franchise4.1,STG,72,14,27.251464590590462,59.63365271522134,29.81682635761067
franchise4.1,STG,72,15,27.858338970895716,61.49720436257201,30.748602181286007
franchise4.1,STE,36,0,13.559688165648822,29.98185085953862,14.99092542976931
franchise4.1,STE,36,1,15.22608399620577,31.647509240624103,15.823754620312052
franchise4.1,STE,36,2,16.38276947406892,33.31316762170958,16.65658381085479
franchise4.1,STE,36,3,17.73109069711326,34.97882600279506,17.48941300139753
franchise4.1,STE,36,4,16.05684370175322,36.64448438388054,18.32224219194027
franchise4.1,STE,36,5,18.33519019166038,38.31014276496602,19.15507138248301
franchise4.1,STE,36,6,18.801951801711276,39.9758011460515,19.98790057302575
franchise4.1,STE,36,7,19.82592906147048,41.64145952713698,20.82072976356849
franchise4.1,STE,36,8,18.31001452429246,43.30711790822246,21.65355895411123
franchise4.1,STE,36,9,19.216938677373893,44.97277628930794,22.48638814465397
franchise4.1,STE,36,10,20.445860354827058,46.638434670393416,23.319217335196708
franchise4.1,STE,36,11,22.089993575089693,48.304093051478894,24.152046525739447
franchise4.1,STE,36,12,19.908001112591386,49.96975143256437,24.984875716282186
franchise4.1,STE,36,13,21.027828993033783,51.63540981364985,25.817704906824925
franchise4.1,STE,36,14,24.35759183637467,53.30106819473533,26.650534097367665
franchise4.1,STE,36,15,24.900021341485825,54.966726575820815,27.483363287910407
franchise4.1,STE,48,0,15.066320184054247,33.313167621709574,16.656583810854787
franchise4.1,STE,48,1,16.917871106895298,35.163899156249,17.5819495781245
franchise4.1,STE,48,2,18.203077193409907,37.01463069078842,18.50731534539421
franchise4.1,STE,48,3,19.701211885681396,38.86536222532784,19.43268111266392
franchise4.1,STE,48,4,17.840937446392466,40.71609375986726,20.35804687993363
franchise4.1,STE,48,5,20.372433546289308,42.566825294406684,21.283412647203342
franchise4.1,STE,48,6,20.891057557456968,44.41755682894611,22.208778414473056
franchise4.1,STE,48,7,22.02881006830053,46.26828836348553,23.134144181742766
franchise4.1,STE,48,8,20.344460582547175,48.11901989802495,24.059509949012476
franchise4.1,STE,48,9,21.35215408597099,49.96975143256437,24.984875716282186
franchise4.1,STE,48,10,22.717622616474507,51.82048296710379,25.910241483551896
franchise4.1,STE,48,11,24.54443730565521,53.67121450164321,26.835607250821607
franchise4.1,STE,48,12,22.12000123621265,55.521946036182634,27.760973018091317
franchise4.1,STE,48,13,23.3642544367042,57.372677570722054,28.686338785361027
franchise4.1,STE,48,14,27.063990929305188,59.223409105261474,29.611704552630737
franchise4.1,STE,48,15,27.66669037942869,61.0741406398009,30.53707031990045
franchise4.1,STE,60,0,16.572952202459675,36.64448438388054,18.32224219194027
franchise4.1,STE,60,1,18.60965821758483,38.68028907187391,19.340144535936954
franchise4.1,STE,60,2,20.023384912750902,40.71609375986727,20.358046879933635
franchise4.1,STE,60,3,21.67133307424954,42.75189844786063,21.375949223930316
franchise4.1,STE,60,4,19.625031191031713,44.787703135853995,22.393851567926998
franchise4.1,STE,60,5,22.409676900918242,46.82350782384736,23.41175391192368
franchise4.1,STE,60,6,22.98016331320267,48.85931251184073,24.429656255920364
franchise4.1,STE,60,7,24.231691075130588,50.89511719983409,25.447558599917045
franchise4.1,STE,60,8,22.378906640801898,52.93092188782745,26.465460943913726
franchise4.1,STE,60,9,23.487369494568092,54.966726575820815,27.483363287910407
franchise4.1,STE,60,10,24.98938487812196,57.00253126381418,28.50126563190709
franchise4.1,STE,60,11,26.998881036220737,59.03833595180754,29.51916797590377
franchise4.1,STE,60,12,24.33200135983392,61.0741406398009,30.53707031990045
franchise4.1,STE,60,13,25.700679880374626,63.109945327794264,31.554972663897132
franchise4.1,STE,60,14,29.77039002223571,65.14575001578763,32.57287500789381
franchise4.1,STE,60,15,30.433359417371566,67.181554703781,33.5907773518905
franchise4.1,STE,72,0,18.079584220865097,39.975801146051495,19.987900573025748
franchise4.1,STE,72,1,20.301445328274358,42.19667898749881,21.098339493749403
franchise4.1,STE,72,2,21.84369263209189,44.41755682894611,22.208778414473056
franchise4.1,STE,72,3,23.64145426281768,46.638434670393416,23.319217335196708
franchise4.1,STE,72,4,21.40912493567096,48.85931251184072,24.42965625592036
franchise4.1,STE,72,5,24.446920255547173,51.080190353288025,25.540095176644012
franchise4.1,STE,72,6,25.069269068948365,53.301068194735336,26.650534097367668
franchise4.1,STE,72,7,26.43457208196064,55.52194603618264,27.76097301809132
franchise4.1,STE,72,8,24.413352699056613,57.742823877629945,28.871411938814973
franchise4.1,STE,72,9,25.62258490316519,59.96370171907725,29.981850859538625
franchise4.1,STE,72,10,27.26114713976941,62.184579560524554,31.092289780262277
franchise4.1,STE,72,11,29.453324766786256,64.40545740197186,32.20272870098593
franchise4.1,STE,72,12,26.544001483455183,66.62633524341916,33.31316762170958
franchise4.1,STE,72,13,28.037105324045044,68.84721308486647,34.423606542433234
franchise4.1,STE,72,14,32.47678911516623,71.06809092631377,35.534045463156886
franchise4.1,STE,72,15,33.20002845531443,73.28896876776109,36.644484383880545
franchise4.1,MCY,36,0,10.847750532519058,23.985480687630897,11.992740343815449
franchise4.1,MCY,36,1,12.180867196964616,25.318007392499283,12.659003696249641
franchise4.1,MCY,36,2,13.106215579255133,26.650534097367665,13.325267048683832
franchise4.1,MCY,36,3,14.184872557690607,27.983060802236047,13.991530401118023
franchise4.1,MCY,36,4,12.845474961402575,29.315587507104425,14.657793753552212
franchise4.1,MCY,36,5,14.6681521533283,30.648114211972818,15.324057105986409
franchise4.1,MCY,36,6,15.04156144136902,31.9806409168412,15.9903204584206
franchise4.1,MCY,36,7,15.860743249176382,33.31316762170958,16.65658381085479
franchise4.1,MCY,36,8,14.648011619433966,34.64569432657797,17.322847163288984
franchise4.1,MCY,36,9,15.373550941899113,35.978221031446346,17.989110515723173
franchise4.1,MCY,36,10,16.356688283861644,37.31074773631473,18.655373868157366
franchise4.1,MCY,36,11,17.671994860071752,38.64327444118311,19.321637220591555
franchise4.1,MCY,36,12,15.926400890073108,39.975801146051495,19.987900573025748
franchise4.1,MCY,36,13,16.822263194427023,41.30832785091987,20.654163925459937
franchise4.1,MCY,36,14,19.486073469099733,42.640854555788266,21.320427277894133
franchise4.1,MCY,36,15,19.92001707318866,43.97338126065665,21.986690630328326
franchise4.1,MCY,48,0,12.053056147243396,26.65053409736766,13.32526704868383
franchise4.1,MCY,48,1,13.534296885516238,28.131119324999197,14.065559662499599
franchise4.1,MCY,48,2,14.562461754727925,29.611704552630737,14.805852276315369
franchise4.1,MCY,48,3,15.760969508545118,31.092289780262274,15.546144890131137
franchise4.1,MCY,48,4,14.272749957113971,32.572875007893806,16.286437503946903
franchise4.1,MCY,48,5,16.297946837031443,34.05346023552535,17.026730117762675
franchise4.1,MCY,48,6,16.712846045965577,35.534045463156886,17.767022731578443
franchise4.1,MCY,48,7,17.623048054640424,37.014630690788415,18.507315345394208
franchise4.1,MCY,48,8,16.27556846603774,38.49521591841996,19.24760795920998
franchise4.1,MCY,48,9,17.08172326877679,39.975801146051495,19.987900573025748
franchise4.1,MCY,48,10,18.1740980931796,41.45638637368303,20.728193186841516
franchise4.1,MCY,48,11,19.635549844524167,42.93697160131457,21.468485800657284
franchise4.1,MCY,48,12,17.69600098897012,44.417556828946104,22.208778414473052
franchise4.1,MCY,48,13,18.69140354936336,45.89814205657763,22.949071028288817
franchise4.1,MCY,48,14,21.651192743444145,47.37872728420918,23.68936364210459
franchise4.1,MCY,48,15,22.133352303542953,48.85931251184071,24.429656255920357
franchise4.1,MCY,60,0,13.258361761967738,29.315587507104432,14.657793753552216
franchise4.1,MCY,60,1,14.887726574067864,30.944231257499123,15.472115628749561
franchise4.1,MCY,60,2,16.01870793020072,32.57287500789381,16.286437503946907
franchise4.1,MCY,60,3,17.337066459399633,34.20151875828851,17.100759379144254
franchise4.1,MCY,60,4,15.70002495282537,35.83016250868319,17.915081254341594
franchise4.1,MCY,60,5,17.927741520734592,37.45880625907789,18.729403129538944
franchise4.1,MCY,60,6,18.384130650562135,39.08745000947258,19.54372500473629
franchise4.1,MCY,60,7,19.38535286010447,40.71609375986726,20.35804687993363
franchise4.1,MCY,60,8,17.903125312641514,42.344737510261965,21.172368755130982
franchise4.1,MCY,60,9,18.789895595654475,43.973381260656645,21.986690630328322
franchise4.1,MCY,60,10,19.991507902497567,45.60202501105134,22.80101250552567
franchise4.1,MCY,60,11,21.59910482897659,47.23066876144603,23.615334380723016
franchise4.1,MCY,60,12,19.46560108786713,48.85931251184072,24.42965625592036
franchise4.1,MCY,60,13,20.5605439042997,50.48795626223541,25.243978131117704
franchise4.1,MCY,60,14,23.816312017788565,52.11660001263011,26.058300006315054
franchise4.1,MCY,60,15,24.346687533897253,53.745243763024796,26.872621881512398
franchise4.1,MCY,72,0,14.463667376692076,31.980640916841196,15.990320458420598
franchise4.1,MCY,72,1,16.241156262619487,33.75734318999904,16.87867159499952
franchise4.1,MCY,72,2,17.47495410567351,35.534045463156886,17.767022731578443
franchise4.1,MCY,72,3,18.913163410254143,37.31074773631473,18.655373868157366
franchise4.1,MCY,72,4,17.127299948536766,39.08745000947257,19.543725004736284
franchise4.1,MCY,72,5,19.557536204437735,40.86415228263042,20.43207614131521
franchise4.1,MCY,72,6,20.055415255158692,42.640854555788266,21.320427277894133
franchise4.1,MCY,72,7,21.14765766556851,44.417556828946104,22.208778414473052
franchise4.1,MCY,72,8,19.530682159245288,46.194259102103956,23.097129551051978
franchise4.1,MCY,72,9,20.49806792253215,47.970961375261794,23.985480687630897
franchise4.1,MCY,72,10,21.808917711815525,49.74766364841964,24.87383182420982
franchise4.1,MCY,72,11,23.562659813429004,51.524365921577484,25.762182960788742
franchise4.1,MCY,72,12,21.235201186764144,53.30106819473533,26.650534097367665
franchise4.1,MCY,72,13,22.429684259236033,55.07777046789317,27.538885233946583
franchise4.1,MCY,72,14,25.981431292132978,56.85447274105102,28.42723637052551
franchise4.1,MCY,72,15,26.560022764251546,58.631175014208864,29.315587507104432
